genus,KW_stat,p_value,mean_colorectal,mean_breast,mean_prostate,adjusted_p
Solibaculum,317.5986111648907,1.0822755704105396e-69,0.040112439024390247,0.0,0.0,1.4016351897908098e-67
[Ruminococcus],317.59848512796907,1.0823437759002392e-69,0.053294878048780484,0.0,0.0,1.4016351897908098e-67
Dorea,313.9686267444152,6.646284949697577e-69,0.038266504065040646,0.0,0.0,5.737959339905575e-67
Lachnospira,306.7709183671831,2.4296374459157042e-67,0.012954959349593495,0.0,0.0,1.2585521969843348e-65
Intestinibacillus,306.77116565698975,2.4293370522000918e-67,0.006502439024390244,0.0,0.0,1.2585521969843348e-65
Anaerobutyricum,303.2023525516586,1.44692391024442e-66,0.05491577235772358,0.0,0.0,6.2458882125550794e-65
Paludicola,292.61913776201294,2.874495183869062e-64,0.0056344715447154475,0.0,0.0,1.0635632180315529e-62
Phocaeicola,289.1309130134387,1.644447319711484e-63,0.05079121951219512,0.0,0.0,5.323898197565929e-62
Coprococcus,255.32740103964457,3.6004710633927964e-56,0.02777512195121951,0.0,0.0,1.0361355615763715e-54
Prevotella,244.54157692781257,7.915370940728182e-54,0.000203739837398374,0.36195472016580316,0.06753425122580645,2.0500810736485993e-52
Mahella,231.07935265552672,6.63370462379939e-51,1.6260162601626018e-07,6.440694300518134e-06,0.0027770157419354834,1.5619359068764018e-49
[Clostridium],229.6444925580415,1.3593523467299472e-50,0.0016975609756097528,0.0,0.0,2.9339354816921363e-49
Blautia,228.22577125446173,2.7631436148850544e-50,0.1323244715447154,0.0021680348031088083,0.0011947188387096772,5.505032278886378e-49
Vescimonas,226.51496932662926,6.499790765027098e-50,0.021930569105691054,0.0,0.0,1.202461291530013e-48
Mordavella,219.74996706553353,1.9138193994935458e-48,0.0,0.009083675062176166,0.0007621846774193549,3.3045281631255223e-47
Lysinibacillus,216.81311869479754,8.310544384723872e-48,1.3008130081300813e-06,6.101259067357513e-06,0.0009074370322580644,1.3452693722771768e-46
Chordicoccus,208.11629590684362,6.4286613237025315e-46,0.0029770731707317076,0.0,0.0,9.794254604935035e-45
Lachnoclostridium,196.83494049342184,1.8106551697751473e-43,0.0,0.008531304611398963,0.02058343416129032,2.6053316053986843e-42
Faecalibacillus,196.19745548614404,2.4903699050094788e-43,0.012653170731707318,0.0,0.0,3.39476739682871e-42
Thomasclavelia,193.26057208181152,1.0814339206742774e-42,0.002425447154471542,0.0,0.0,1.4004569272731893e-41
Anaerostipes,185.21789415208323,6.031777459549101e-41,0.05404040650406504,0.002723340352331606,0.006128612709677419,7.439192200110557e-40
Ruthenibacterium,184.54962697031195,8.424762851058085e-41,0.0012447154471544716,0.0,0.0,9.918243538291109e-40
Dialister,177.1705731884159,3.37208764758009e-39,0.0010676422764227642,0.01773104194300518,0.001592683193548387,3.6390445863468475e-38
Anaerotignum,177.17723150795285,3.360880095265495e-39,4.065040650406504e-07,0.0007195905803108809,0.00048071119354838716,3.6390445863468475e-38
Phascolarctobacterium,175.98750161185552,6.092556747775918e-39,0.013997317073170732,0.0,0.0,6.311888790695851e-38
Herbinix,175.5810219194844,7.465613917239633e-39,0.0,0.0045799863056994825,2.6065225806451613e-05,7.436900017557942e-38
Lactobacillus,170.85015533510327,7.949872304594606e-38,0.0010535772357723578,0.0008610484093264248,0.03906839119354839,7.625988618111123e-37
Mogibacterium,170.51997991315247,9.376847107011081e-38,0.0,0.0009360584352331606,0.0012171487096774194,8.67358357398525e-37
Acetoanaerobium,166.25800046485878,7.898305227944994e-37,0.0,0.0017589584507772022,0.000914169677419355,7.054003634612943e-36
Haemophilus,165.69318877742126,1.0475655611598382e-36,0.0005217886178861789,0.0013959563523316062,9.094580645161289e-06,9.043982678013269e-36
Candidatus Sulcia,162.34909510626053,5.57624602522274e-36,0.0,0.0005964398341968912,0.0008692336451612903,4.6588636146215794e-35
Dehalococcoides,160.74368142132622,1.2443801620417814e-35,0.0,0.002512001595854922,0.00023788348387096772,1.0071701936525669e-34
Petroclostridium,159.30033912130662,2.5607717915727545e-35,0.0018773170731707317,0.0,0.0,2.0098178606586166e-34
Streptobacillus,158.90800732862255,3.1157646339518e-35,0.0,6.619310880829016e-05,0.00018015116129032263,2.3734795299809305e-34
Kiritimatiella,158.77736030221817,3.326092207682709e-35,6.910569105691057e-05,0.0017087871865284973,3.0925709677419355e-05,2.4613082336852043e-34
Mediterraneibacter,156.57444057868025,1.0006730988868773e-34,0.014986829268292682,0.0,0.0,7.199287016991701e-34
Corynebacterium,152.77751631914506,6.680113659005756e-34,1.878048780487805e-05,0.0003412834663212435,0.052919446903225795,4.676079561304029e-33
Bacillus,149.66349699198466,3.169454759098864e-33,0.0010717886178861782,0.00038647468911917095,0.021752693548387096,2.160233638438436e-32
Frankia,148.0295146831774,7.174626662671658e-33,4.065040650406504e-07,7.798300518134715e-06,0.0001030871612903226,4.76468796315887e-32
Sutterella,146.13228260982123,1.8525844624220742e-32,0.0004230081300813008,0.0007765969222797927,0.00036336719354838713,1.1995484394182931e-31
Staphylococcus,143.97253967604112,5.454566445668614e-32,0.00032121951219512114,0.0006568355233160622,0.010970164677419353,3.4456895351906616e-31
Acinetobacter,139.0559020990861,6.3737426057222315e-31,0.00018731707317073173,0.0008910427046632124,3.058754838709677e-05,3.9304746068620426e-30
Synechococcus,138.85657161804056,7.041717290939535e-31,2.764227642276423e-06,1.0290445595854922e-05,0.00048301070967741934,4.241406461286836e-30
Rubrobacter,133.68963003442116,9.325361883051261e-30,8.69918699186992e-06,0.0017744630466321244,0.00029198290322580647,5.489247108432447e-29
Agathobacter,132.73700941955622,1.501497565481837e-29,0.0005720325203252033,0.0,0.0,8.641952654662127e-29
Filifactor,132.35836245781724,1.8144573964896424e-29,0.0,0.00018865410880829016,0.00015575519354838708,1.02161840367569e-28
Cellulosilyticum,130.64866888100067,4.2658150143720966e-29,0.0,0.0003006363937823834,0.00042971493548387096,2.3507363589837723e-28
Emergencia,130.1634025199072,5.43721204012056e-29,0.0020188617886178857,0.0,0.0,2.9338289966483856e-28
Geobacillus,128.6592933726905,1.1534251620286095e-28,0.0,4.51862279792746e-05,0.0012287877741935485,6.096675856436935e-28
Niabella,127.144724709045,2.4596529169290176e-28,0.0002034959349593496,6.621761658031087e-07,4.459677419354838e-06,1.274100210969231e-27
Listeria,126.37374339421449,3.6165151872301215e-28,1.2195121951219514e-06,0.0003464777720207254,0.0006316093548387096,1.836622418612944e-27
Basfia,125.16258919180417,6.626574525964913e-28,0.0,0.0007611675647668394,0.0,3.3005438504325245e-27
Serratia,124.69886706605392,8.35574286570429e-28,7.317073170731708e-06,0.0003853124404145077,2.567741935483871e-07,4.083278117391341e-27
Actinomyces,124.62925932275904,8.651674988212882e-28,1.9512195121951218e-06,0.004126806310880829,0.00823858470967742,4.149599670272475e-27
Clostridioides,124.39103528322609,9.746078141781505e-28,0.007897073170731708,0.0029145534715025907,0.00259791070967742,4.589516797675291e-27
Pseudopedobacter,121.64831370557438,3.840646293558565e-27,0.0,0.0026094046010362694,3.193854838709677e-05,1.7762989107708363e-26
Tannerella,119.54579161072105,1.0989076187154045e-26,0.0,0.0004880422383419688,0.0023439647096774197,4.993281986794557e-26
Weissella,117.75247785366548,2.693855640555319e-26,0.0,0.00038427379274611395,0.000142841935483871,1.2029458808686684e-25
Akkermansia,117.34633708950963,3.300400659559652e-26,0.03365113821138211,0.005797731383419689,4.501838709677419e-06,1.4488199505524575e-25
Lachnoanaerobaculum,116.74556556029077,4.4567938405967376e-26,0.0,0.00034720264766839376,0.0003373329354838709,1.923849341190925e-25
Brochothrix,115.02796996852473,1.051946587395458e-25,0.0,3.669815025906736e-05,0.00027376158064516126,4.394422034442316e-25
Lawsonibacter,115.03130256188996,1.0501951918641113e-25,0.0006995934959349592,0.0,0.0,4.394422034442316e-25
Mycoplasma,114.42055979473935,1.4252502715841433e-25,9.75609756097561e-06,0.0002670167512953368,0.0007885301935483872,5.8593622276237e-25
Streptomyces,113.18242840114685,2.6469634743857143e-25,8.788617886178863e-05,1.0733031088082902e-05,0.00014534367741935486,1.0711930310404687e-24
Veillonella,110.90316050649629,8.273412596338705e-25,1.6260162601626018e-07,0.0022587870518134714,0.0035141290645161294,3.2966367114641916e-24
Roseburia,107.20207127472301,5.264607503140028e-24,0.00037528455284552845,0.007588452186528498,0.002768436709677419,2.065959611080708e-23
Nocardia,106.86849367319464,6.220158540544508e-24,0.00010162601626016259,9.709880829015544e-06,7.837009677419354e-05,2.4045090477627278e-23
Selenomonas,106.43571014565798,7.722878513848216e-24,7.878048780487804e-05,0.004385639336787565,0.0004871061290322581,2.941508139833365e-23
Sodalis,105.27023598064841,1.383116309459666e-23,0.0,0.0004146862487046632,1.8560258064516125e-05,5.19169745145005e-23
Kineothrix,105.22963162323023,1.4114835681699577e-23,0.00023130081300813007,0.0,0.0,5.222489202228843e-23
Caldicellulosiruptor,104.11258119387556,2.4674038917591714e-23,0.0,1.3518072538860101e-05,4.9102709677419354e-05,9.000811379797541e-23
Nitrosomonas,103.5434423020208,3.279647633626151e-23,0.0,2.3582834196891193e-05,0.00034489054838709684,1.1797621348738514e-22
Capnocytophaga,103.45562894766223,3.426854088778255e-23,1.4634146341463414e-06,4.693378756476684e-05,0.0011502954516129033,1.2158290534158466e-22
Pseudomonas,103.05316655494381,4.1907254668425514e-23,5.739837398373984e-05,0.0003551871761658031,8.87050322580645e-05,1.466753913394893e-22
Leuconostoc,101.48233024867616,9.191618300735778e-23,2.699186991869919e-05,0.0010087446683937824,0.001420140870967742,3.1741721865207556e-22
Olsenella,100.55952298525301,1.4580654943294743e-22,0.0,0.000739124238341969,0.00016967016129032262,4.968933724096497e-22
Aureibaculum,100.41260618613573,1.5692047349863555e-22,0.0008556097560975609,0.0,0.0,5.278234108590468e-22
Fastidiosipila,99.88683710302392,2.0410277792794178e-22,0.0,0.00046300081347150254,0.0005500979032258064,6.777258908120118e-22
Syntrophomonas,99.11643636686651,3.000124723895518e-22,3.089430894308943e-06,1.732584974093264e-05,0.00011457048387096773,9.719353350103556e-22
Helicobacter,99.11510876880502,3.0021168648968514e-22,9.75609756097561e-07,0.0005886751968911917,5.2625806451612905e-06,9.719353350103556e-22
Desulfococcus,97.85513079267609,5.636744313911424e-22,0.0,1.162219170984456e-05,3.667303225806451e-05,1.8023663917321712e-21
Ezakiella,97.37301737611538,7.1732824830866265e-22,2.4390243902439023e-06,2.2267238341968915e-05,0.007344150935483872,2.2443780779259686e-21
Cellulomonas,97.36769189877009,7.19240851227241e-22,0.0011772357723577236,1.8860103626943004e-07,7.563754838709678e-05,2.2443780779259686e-21
Ethanoligenens,95.56798943412724,1.768783877904103e-21,6.0975609756097564e-06,0.001553417658031088,0.007984545,5.4537502902043166e-21
Eubacterium,95.2762115023653,2.046602705651581e-21,0.0027023577235772353,0.022093533528497408,0.007843323838709679,6.236118832514817e-21
Lactococcus,90.94020233938733,1.7888996142635066e-20,5.943089430894309e-05,0.00013320120207253888,0.004350538419354839,5.3875000010959096e-20
Shigella,90.91320359301598,1.8132123720286716e-20,0.0008997560975609755,0.0005141199222797926,3.4504193548387097e-06,5.397954073050873e-20
Dehalobacterium,90.81886463179964,1.900789913992107e-20,0.0,0.0002859226010362694,0.00013093735483870968,5.594370315044952e-20
Vagococcus,89.99663655772814,2.8673365886858406e-20,0.0,2.180181347150259e-05,0.0002975152258064516,8.34427164572621e-20
Candidatus Promineofilum,89.83618863853653,3.106844374894444e-20,0.0,0.0008319306994818653,2.0387096774193545e-06,8.940807701085121e-20
Comamonas,88.7607835148075,5.3191318421815744e-20,4.634146341463415e-06,0.001293659611398964,0.0003520282580645161,1.513906755082448e-19
Terrisporobacter,88.61049842798761,5.734225226917564e-20,0.007798861788617887,0.0,0.0,1.579962057203882e-19
Paraprevotella,88.61065380104641,5.733779772164014e-20,0.004427723577235772,0.0,0.0,1.579962057203882e-19
uncultured,88.6110422360773,5.732666279835931e-20,0.0007632520325203244,0.0,0.0,1.579962057203882e-19
Massilia,88.58397069517153,5.810789873403079e-20,1.3821138211382116e-06,0.0011082491036269427,0.0013770725806451615,1.5842048181172603e-19
Megamonas,88.18327770623455,7.099774384870978e-20,0.0007031707317073171,0.00025013176683937825,8.230596774193549e-05,1.9154599642516494e-19
Enterobacter,87.62302879160895,9.395092364681487e-20,0.00013821138211382033,0.0013083968393782387,2.99521935483871e-05,2.508586517992274e-19
Coprobacter,86.29093772635999,1.8287778527232276e-19,0.0008958536585365846,0.0,0.0,4.83319861076853e-19
Faecalibaculum,86.0539457624519,2.0588424052612492e-19,8.43089430894309e-05,0.002115540113989637,0.0016172571935483874,5.386264474370339e-19
Parvimonas,85.89883001931511,2.2248772759693686e-19,0.0002667479674796748,1.1766103626943005e-05,0.0017482541935483873,5.762432144760665e-19
Chlamydia,85.76642430515707,2.3771555225238133e-19,0.0,0.0012219682590673578,5.324006451612903e-05,6.095874062709581e-19
Megasphaera,84.68561623873676,4.0808636605354617e-19,0.0017839837398373982,0.001577848341968912,0.007430863935483871,1.036219302037926e-18
Acidiferrobacter,84.12917918925248,5.38990183465504e-19,1.6260162601626018e-07,5.9556518134715014e-05,0.00010648932258064516,1.3553248302676268e-18
Erysipelothrix,84.10134527838167,5.465437250650159e-19,0.0,0.0002699873626943005,3.572667741935484e-05,1.3611040845369146e-18
Peptoclostridium,83.2905889204959,8.197443248102644e-19,0.0,0.0010408098445595856,0.00012706877419354842,2.022036001198652e-18
Aneurinibacillus,83.1085595493095,8.978537366191246e-19,9.75609756097561e-07,0.00020974278756476689,0.00021107393548387094,2.1938124319278608e-18
Desulfomonile,83.08015565825919,9.10695983067428e-19,0.0,7.031787564766839e-05,2.382112903225806e-05,2.2043949496678864e-18
Candidatus Blochmannia,82.87398825775647,1.00958317233923e-18,0.0,0.00010022929015544041,3.0503225806451613e-06,2.4211300151468568e-18
Tessaracoccus,82.65045233459976,1.1289697673940899e-18,0.0,5.485382901554404e-05,8.996893548387097e-05,2.6825978876611863e-18
Candidatus Phaeomarinobacter,82.14256854518223,1.4553514259199476e-18,0.0,0.0014155907823834193,2.7426548387096778e-05,3.4266910846660588e-18
Candidatus,81.69098522486703,1.8240130777751466e-18,0.0004051219512195114,0.0,0.0,4.256030514808676e-18
Pantoea,81.65529190650741,1.8568578303071336e-18,4.308943089430894e-06,0.0003677138393782384,1.864516129032258e-06,4.29037102171269e-18
Finegoldia,81.63919740486403,1.871860716036811e-18,2.7886178861788618e-05,5.510962176165804e-05,0.0067288597096774195,4.29037102171269e-18
Acidaminococcus,81.52911653377882,1.9777768423713786e-18,0.005760569105691056,0.0056314830777202075,0.0017654785483870968,4.493370194510413e-18
Yersinia,81.4241954771416,2.0843018088741612e-18,0.003161626016260162,0.0008375614559585491,0.00010988996774193549,4.6942101608557195e-18
Anoxybacillus,80.98642708196716,2.5943036377264797e-18,0.00012365853658536586,0.0005998824766839378,0.004906217193548387,5.7924538118203294e-18
Candidatus Solibacter,80.44594826554363,3.3992592530000164e-18,0.0,0.0007966205233160621,2.425125806451613e-05,7.524855953222259e-18
Candidatus Azobacteroides,80.22252318209546,3.8010223987431776e-18,0.0,0.00010202409326424871,0.00010459870967741935,8.342922044699009e-18
Candidatus Izimaplasma,80.1725935961391,3.897108530882988e-18,0.0,0.0042117464145077724,0.00012153967741935484,8.481942096627679e-18
Candidatus Amoebophilus,79.53061990107086,5.372115202144274e-18,0.0,0.00026473425906735755,4.503254838709678e-05,1.1594815311294723e-17
Longicatena,79.4106777766441,5.704143186221986e-18,0.0008660975609756096,0.0,0.0,1.2209694919268548e-17
Paenibacillus,78.15213573105015,1.0702354974945304e-17,0.0004956910569105683,0.00013517524870466322,0.018939521870967736,2.2720573266482244e-17
Steroidobacter,78.04837949638694,1.1272227145521342e-17,0.0,0.0011228632487046632,9.042870967741934e-06,2.3735827891788842e-17
Alkalitalea,77.68932849754466,1.3488904048133066e-17,3.5772357723577236e-06,9.761430051813471e-06,0.0004094727419354839,2.817440442311665e-17
Draconibacterium,77.58134739204675,1.42371960197515e-17,0.0,0.002491375316062176,1.791048387096774e-05,2.9499470152925113e-17
Aristaeella,77.14373622076938,1.771946164500685e-17,0.001583821138211382,0.0,0.0,3.613653989021082e-17
Thiomonas,77.15354346801139,1.763278476341742e-17,0.0,5.851909844559585e-05,0.0006508066451612903,3.613653989021082e-17
Enterococcus,76.96162988421408,1.940860902452343e-17,0.00041991869918699186,0.00034983503626943006,0.00034190735483870965,3.9272107323059125e-17
Muribaculum,76.85120891638098,2.0510300342805082e-17,0.00033455284552845444,0.0006090239222797927,0.0008968303870967744,4.1179595261910976e-17
Propionimicrobium,76.09543899791207,2.992852906859654e-17,0.0,0.0004294601295336788,0.00011525529032258063,5.962683868281926e-17
Jeotgalibaca,76.02852869692794,3.094672957173302e-17,0.0,0.0008047919792746113,0.0020592319999999994,6.118475541281567e-17
Geobacter,75.417773242531,4.199896825511891e-17,0.0,3.354922279792746e-05,6.457364516129032e-05,8.240706650057422e-17
Wansuia,74.89000594828457,5.46816780398349e-17,0.00031422764227642273,0.0,0.0,1.0648537302494165e-16
Pasteurella,73.9207814957647,8.877818239056144e-17,0.0020027642276422763,7.44559585492228e-07,4e-07,1.7159365103847324e-16
Rhodomicrobium,73.63165738236094,1.0258615506171308e-16,1.056910569105691e-06,8.034406217616579e-05,4.4258064516129037e-07,1.9681343822950882e-16
Sellimonas,72.64881309615556,1.6769135645929083e-16,0.0004510569105691057,0.0,0.0,3.1935339208056126e-16
Asticcacaulis,72.58957721635939,1.7273231183516117e-16,0.0,0.0006184517668393782,4.674183870967741e-05,3.265523267540638e-16
Gemmatimonas,71.99372947108672,2.326806559972538e-16,1.6260162601626018e-07,0.0003933313367875648,0.0023752114516129032,4.3355604246970307e-16
Alistipes,71.99445139038535,2.325966828256392e-16,0.03205845528455284,0.004544235186528497,0.0034058828064516132,4.3355604246970307e-16
Oenococcus,71.50893722672652,2.9650469721742014e-16,0.0,0.00012490989119170984,3.412293548387097e-05,5.485336898522272e-16
Liberibacter,70.74208885495968,4.350614330036088e-16,0.0,2.8843911917098446e-05,4.301164516129033e-05,7.991553982123026e-16
Pragia,69.23475353273483,9.244092709698093e-16,0.0,0.00014238372538860102,1.8870967741935484e-06,1.6860704308533845e-15
Gordonibacter,68.28908555019493,1.4832470240941446e-15,0.0002557723577235765,5.8427357512953364e-06,9.541258064516128e-05,2.6864404142684158e-15
Eggerthella,68.12801299234614,1.6076442339551763e-15,0.0,9.592765803108808e-05,0.0013624817096774195,2.891526781905491e-15
Morganella,68.10267954828127,1.6281373327849809e-15,8.878048780487805e-05,0.00013303983937823833,2.364516129032258e-07,2.9081901323538623e-15
Sneathia,67.94663094010521,1.7602589428689458e-15,3.658536585365854e-06,2.9787823834196894e-05,3.505487096774193e-05,3.1226511383771026e-15
Chthonomonas,66.88444743681669,2.9938275221399142e-15,6.504065040650407e-07,0.00012165539378238341,5.163225806451613e-06,5.2748389675798494e-15
Candidatus Tachikawaea,66.4041957900979,3.806379595067858e-15,0.0,0.0001233713626943005,6.419354838709677e-07,6.661164291368752e-15
Novisyntrophococcus,66.00275672660538,4.652468931051747e-15,0.00012723577235772358,0.0,0.0,8.033263020949351e-15
Methylobacter,66.00275672660538,4.652468931051747e-15,0.00020666666666666663,0.0,0.0,8.033263020949351e-15
Ichthyobacterium,65.89869825234604,4.9009412021257625e-15,0.0,4.917069430051814e-05,2.9283419354838707e-05,8.40625014139452e-15
Symbiobacterium,65.77701954241232,5.2083683165246324e-15,1.6260162601626018e-07,0.0001953735751295337,0.0021682467741935487,8.874785486709735e-15
Butyrivibrio,65.41277270273085,6.2488037382289404e-15,0.001548130081300813,0.052509678404145076,0.0006841880967741935,1.0578040315041146e-14
Rickettsia,65.30906144296247,6.581388053231389e-15,4.471544715447155e-06,6.240226424870465e-05,7.799977419354836e-05,1.1068698089525517e-14
Sphingobium,65.11735659442161,7.243453516438857e-15,1.6260162601626016e-06,0.005807471849740933,0.0019738195161290322,1.2103577166178477e-14
Thermobispora,64.14460363106355,1.1780841135640145e-14,0.0,7.029827461139897e-05,4.572583870967742e-05,1.9434636013571958e-14
Deinococcus,64.15158971863887,1.1739761929199752e-14,1.186991869918699e-05,0.00010556984455958548,0.002490102806451612,1.9434636013571958e-14
Enterovibrio,63.89385411483859,1.3354445657868232e-14,0.0,7.248815025906734e-05,0.0,2.1891148261948556e-14
Trichodesmium,62.03792926045316,3.377806963978178e-14,0.0,0.001376557932642487,6.716670967741934e-05,5.5022138595619375e-14
Turicibacter,61.58569850516746,4.2348251880124044e-14,1.6260162601626018e-07,0.00016606325388601037,0.0006808620645161288,6.855123273095079e-14
Paeniclostridium,61.412149496604734,4.6187151188693583e-14,0.0,0.00016192087564766838,3.661290322580645e-06,7.430106930355055e-14
Muricauda,61.13743442864811,5.29876665880803e-14,0.0,0.0004364310777202072,2.267058064516129e-05,8.471484966859752e-14
Novibacillus,60.90931090197349,5.938970791453178e-14,0.0,0.00012432414507772022,0.0005770283870967742,9.436769539793701e-14
Klebsiella,59.93160697540056,9.68315535129877e-14,0.001193658536585366,0.000944379860103627,1.6116451612903225e-05,1.5292300219429156e-13
Segatella,59.47021007853409,1.2195734538942744e-13,0.01076422764227642,0.0,0.0,1.9028284611964882e-13
Hungatella,59.47021007853409,1.2195734538942744e-13,0.0004092682926829268,0.0,0.0,1.9028284611964882e-13
Burkholderia,59.28849611908259,1.335569976442047e-13,1.6260162601626016e-06,2.6870694300518135e-05,9.463858064516129e-05,2.071333077236468e-13
Psychrobacter,57.488847404812475,3.2843951379875796e-13,4.065040650406504e-07,0.00012330367875647668,0.00010440977419354838,5.063442504397518e-13
Chakrabartyella,57.317803545873566,3.5776438310460814e-13,0.00029674796747967486,0.0,0.0,5.482897942254054e-13
Candidatus Hamiltonella,57.030697016720744,4.129918613325643e-13,0.0,0.0003079722176165803,0.0,6.292052475596127e-13
Homo,56.64205516947518,5.015728244767405e-13,0.002910081300813008,0.00010113364766839379,0.0001698655161290322,7.596921727454724e-13
Thermodesulfatator,56.24423668342331,6.119545733462778e-13,0.0,6.120908290155441e-05,3.4648387096774192e-06,9.214897354458486e-13
Dichelobacter,56.17255689563278,6.342847252595729e-13,0.0,1.6695088082901557e-05,0.000331616,9.495938950417884e-13
Limnochorda,56.02516554123782,6.82794287289951e-13,0.0,0.0001894755958549223,1.1479290322580646e-05,1.0163432207361914e-12
Porphyromonas,55.33745089947102,9.629976246450283e-13,0.002869918699186991,0.0003395915544041451,0.0017059028387096777,1.425236484474642e-12
Neisseria,54.89361462959375,1.202272842914154e-12,9.1869918699187e-06,9.048973575129535e-05,0.004646525096774193,1.7692537858793518e-12
Candidatus Fukatsuia,54.79513989755386,1.2629511528828814e-12,0.0,0.00012452520207253886,0.0,1.8480471672128037e-12
Erwinia,54.63186214367154,1.370382700268677e-12,6.341463414634147e-06,0.00037556940932642483,1.497074193548387e-05,1.993983816683075e-12
Aggregatibacter,53.94008140614027,1.9366901598592626e-12,0.0,0.00017934632642487046,1.3583870967741936e-06,2.8022500078410564e-12
Desulfotomaculum,53.85346792117281,2.0224045107088447e-12,3.2032520325203253e-05,6.886725388601037e-06,5.354993548387097e-05,2.9100153792977262e-12
Sarcina,53.049953750240306,3.0223789129195886e-12,0.0003647967479674797,0.0,0.0,4.32484054390151e-12
Anaerolinea,52.36692801899543,4.2527128903391294e-12,0.0,3.017032642487047e-05,0.00013828832258064514,6.051937574713376e-12
Caulobacter,52.31065006133742,4.374079445706494e-12,0.0,0.00042280403108808283,9.914961290322585e-05,6.190637029715749e-12
Treponema,51.70971194861604,5.907159805977737e-12,4.878048780487805e-07,0.0038193777512953372,4.881612903225805e-06,8.31496950950127e-12
Shewanella,51.68775726687358,5.972361930976967e-12,1.8699186991869917e-05,0.00010997495336787565,4.229603225806451e-05,8.361306703367753e-12
Aminobacterium,51.106166886451064,7.98797809013983e-12,0.0,0.00013496659067357514,1.2049645161290322e-05,1.1123044759925892e-11
Collinsella,48.43803893117092,3.032588536685527e-11,0.01682357723577236,0.0009510485803108807,0.004488348225806452,4.1778746329869763e-11
Arsenophonus,48.44315050638218,3.024847780568345e-11,0.0,0.0010388205751295336,5.6343580645161285e-05,4.1778746329869763e-11
Thermobifida,47.26845962748772,5.442324183226122e-11,0.0,0.000817423202072539,8.001935483870967e-06,7.457999806643205e-11
Magnetospira,46.831766615224836,6.770349533276635e-11,0.0,0.0001595420932642487,3.078909677419355e-05,9.22905541641394e-11
Candidatus Purcelliella,46.217484075490106,9.204513717338232e-11,0.0,6.390484974093264e-05,5.445161290322581e-07,1.2481513365395823e-10
Oscillibacter,45.65498160931609,1.2194014520512088e-10,0.0013105691056910567,0.008584416207253887,0.004790085774193548,1.6449217504232452e-10
Hungateiclostridium,45.597115138854704,1.2551980394750522e-10,0.0,0.00029086570466321245,0.001674937677419355,1.684436747274811e-10
Fibrobacter,44.5707770982437,2.0969048589591781e-10,0.0,2.9137414507772018e-05,1.5078322580645159e-05,2.799476074589831e-10
Thioalkalivibrio,43.67799550966193,3.2767535965364754e-10,0.0,5.5307093264248705e-05,2.580158064516129e-05,4.352200930784344e-10
Pseudarcicella,43.16724376875999,4.230114433632479e-10,0.0,0.00010283800000000001,0.0011440705161290324,5.589794073014346e-10
Mageeibacillus,42.2724731865429,6.616816325475084e-10,0.0,0.0003667149274611398,3.474751612903225e-05,8.699266133492623e-10
Parabacteroides,42.2468290140638,6.702203969046966e-10,0.01143073170731707,0.06613878816062176,0.0018611776451612904,8.767024383753354e-10
Spiroplasma,42.21478782499183,6.810441964839054e-10,0.00010829268292682928,0.00026921332642487045,1.2780645161290322e-05,8.863841552227713e-10
Sandaracinus,42.01756160713207,7.516270917773755e-10,0.0,2.5213352331606213e-05,0.0003689716129032258,9.733570838517012e-10
Candidatus Phytoplasma,40.684651971411114,1.4636595654553318e-09,0.0,0.00032774846632124355,3.6680645161290325e-06,1.8860090918056266e-09
Proteus,40.23967359851526,1.8283776391947857e-09,0.00019292682926829265,0.00010499222279792745,7.571467741935485e-05,2.3401011980826104e-09
Campylobacter,40.23338748825165,1.8341333714701542e-09,1.048780487804878e-05,0.00010402293264248706,4.354487096774195e-05,2.3401011980826104e-09
Desulfofarcimen,40.028345178791085,2.032147768012596e-09,9.349593495934958e-06,2.544554922279793e-05,2.8226419354838714e-05,2.580030744682659e-09
Virgibacillus,39.8850022290933,2.1831411242295817e-09,2.439024390243903e-07,0.00024077940414507772,4.5142064516129034e-05,2.7582124447583497e-09
Paucibacter,39.44634268979778,2.7185386966105617e-09,0.0,0.0005249056632124353,4.837422580645161e-05,3.4179685554472597e-09
Paraphotobacterium,38.58017718343382,4.191997058100548e-09,0.0,4.0912409326424864e-05,3.451612903225806e-07,5.245059121005034e-09
Libanicoccus,38.477739851726604,4.4122991865042095e-09,0.0,7.676281347150258e-05,0.0008527171612903224,5.494161006272069e-09
Thalassolituus,38.33211794315066,4.745547762666543e-09,0.0,5.959165803108808e-05,5.096774193548387e-06,5.8808462704815045e-09
Candidatus Cardinium,37.99568497164019,5.614897599818882e-09,0.0,8.529339896373057e-05,7.067096774193548e-06,6.925040373109954e-09
Desulfovibrio,36.933378409514994,9.550338818009638e-09,0.0008326016260162601,0.0013268708031088081,1.1631290322580644e-05,1.1722927743433631e-08
Fusobacterium,36.842107882992615,9.996268720855986e-09,0.0007257723577235772,0.0010351284559585493,0.0005487128387096775,1.2212422635385378e-08
Alpha3microvirus,36.797431567841755,1.022207965707967e-08,0.0,3.90969274611399e-05,0.0,1.2429664935134434e-08
Prosthecochloris,36.58181951416568,1.138567606533278e-08,1.5447154471544715e-06,0.00012719512953367876,0.0,1.3779860284678458e-08
Chloroflexus,36.521272210540346,1.1735632561398239e-08,0.0,2.1155222797927463e-05,6.622948387096774e-05,1.4137343411172763e-08
Thermus,35.33746383861457,2.121129701127149e-08,0.0,0.0016956245647668396,0.00042868680645161296,2.5433916323700537e-08
Halothiobacillus,34.17754323335581,3.7882687755239363e-08,0.0,4.1795663212435235e-05,3.7680645161290323e-06,4.521482086915666e-08
Candidatus Koribacter,34.16619692662698,3.80982128280772e-08,0.0,2.1623751295336784e-05,3.5612903225806453e-06,4.526347303886236e-08
Streptococcus,32.57934577574554,8.423352061352137e-08,0.02819284552845528,0.004525468088082902,0.12880870512903225,9.961863853379925e-08
Geoalkalibacter,31.47678445626537,1.4618509735060434e-07,1.7073170731707317e-06,3.163855440414508e-05,4.9580387096774193e-05,1.7209972824457513e-07
Faecalibacterium,30.911775718005227,1.9390686722490068e-07,0.03849569105691057,0.08581714343523317,0.00500685229032258,2.2724831950791528e-07
Candidatus Nucleicultrix,30.868473066772754,1.9815098756692044e-07,0.0,1.9067409326424872e-05,5.735483870967742e-06,2.3117615216140718e-07
Halomicrobium,30.85456087472589,1.9953414999161134e-07,0.0,0.00013228975647668395,0.0,2.3143409536449708e-07
Flammeovirga,30.848305398091423,2.0015921761253802e-07,8.130081300813008e-07,0.0017536305699481867,1.467741935483871e-05,2.3143409536449708e-07
Escherichia,29.77496362910218,3.4233302562197585e-07,0.01593170731707317,0.005803195160621762,3.6243870967741944e-05,3.9406334949374106e-07
Peptoniphilus,28.59323000248332,6.181003579044329e-07,0.00016463414634146343,3.148882383419689e-05,0.00037417264516129037,7.083539499878235e-07
Actinobacillus,28.46649172313828,6.585365175992248e-07,0.00022024390243902356,0.0002469039067357513,0.0,7.513698592872212e-07
Devosia,27.727504707947972,9.529033509914541e-07,5.284552845528455e-06,1.5209689119170984e-05,0.0013602765483870971,1.0824647715209939e-06
Photobacterium,26.8210134216505,1.4993082680930209e-06,4.552845528455284e-06,1.8171321243523318e-05,1.1145838709677419e-05,1.6942967587360044e-06
Monoglobus,26.813983095201426,1.5045878552481892e-06,0.0016895121951219512,0.00013067065803108808,1.613225806451613e-06,1.6942967587360044e-06
Kosmotoga,26.802654941218183,1.5131341372522977e-06,0.0,9.325330569948187e-05,6.153645161290322e-06,1.6965443357071217e-06
Rothia,25.928912252320874,2.3421151510742797e-06,0.00010780487804878048,1.2279025906735752e-05,7.765058064516127e-05,2.614688897104476e-06
Acidihalobacter,25.831150340591154,2.4594441955998666e-06,0.0,0.0002100442901554404,5.84563870967742e-05,2.7338886122762466e-06
Ureaplasma,25.54344639461249,2.8399525964927744e-06,0.0,0.0003821346943005181,1.3013870967741934e-05,3.1433663354343104e-06
Nitrospira,24.73577971390838,4.2529833484258136e-06,3.2520325203252037e-07,2.9083341968911917e-05,0.00012039674193548388,4.6873305840097265e-06
Candidatus Moranella,24.05767426336395,5.969561214426213e-06,0.0,6.850684974093263e-05,2.564387096774194e-05,6.551340485323683e-06
Arcticibacterium,23.955370803743186,6.28285915350607e-06,0.0,1.8941911917098444e-05,6.175129032258064e-06,6.866078146658533e-06
Sphaerobacter,23.459788295364206,8.049551779235023e-06,0.0,1.4275544041450778e-05,1.501290322580645e-06,8.759806347991054e-06
Intestinimonas,21.38148485036466,2.2754618431734225e-05,0.0006105691056910569,0.0006533165336787564,0.0002459376774193549,2.4658770601753825e-05
Bartonella,21.271494995998868,2.4041056588378412e-05,8.130081300813008e-07,0.00013647872020725388,3.4261290322580642e-06,2.5944306901625035e-05
Alicyclobacillus,18.766541354704014,8.411962396574635e-05,5.6910569105691056e-06,1.8341170984455957e-05,1.1045161290322581e-05,9.040241745696391e-05
Coriobacterium,17.26228366913692,0.00017846075612302473,2.8455284552845528e-06,7.341935751295336e-05,8.193193548387096e-06,0.00019099725552009671
Vibrio,13.800583211286519,0.0010074915959739786,0.00011105691056910569,0.00023395517616580307,6.728387096774194e-06,0.0010738284911821418
Bacteroides,13.675897041774896,0.001072300947753553,0.08995853658536583,0.18754942420207252,0.055636600258064516,0.0011382210879843041
Salmonella,13.183683265376851,0.0013715118153837624,0.021936504065040646,0.0023092189170984454,4.8219677419354844e-05,0.0014498839191199775
Thioflavicoccus,12.271302216269051,0.002164315555549344,4.5528455284552844e-05,7.627438341968911e-05,1.4967741935483872e-06,0.0022786899548263417
Odoribacter,12.109320576021926,0.002346899255080368,0.0037972357723577233,0.0006381611347150259,0.0013662835806451613,0.002460918652088321
Methanobrevibacter,10.353969973947315,0.005645000532926717,0.008303252032520326,0.00010702520207253886,0.0,0.005895383621080725
Elusimicrobium,10.251135198138572,0.005942843246696161,1.2520325203252032e-05,0.0003480246839378238,6.419354838709677e-07,0.006181511650177935
Flavonifractor,8.200974405591596,0.016564603114551775,0.00174869918699187,0.0025670375129533676,0.0035831599677419355,0.01716092882667564
Ruminococcus,6.0146418271564555,0.049423912481426496,0.006974308943089427,0.006817549015544042,0.00857742064516129,0.05099917662426081
Bifidobacterium,5.979204728295687,0.05030743678745392,0.015105365853658535,0.003877390849740933,0.00022121051612903223,0.051704865587105416
Tistrella,3.4736527716364938,0.1760783194909355,0.0005775609756097561,1.2315564766839379e-05,6.1980645161290315e-06,0.18025408991364542
Barnesiella,3.3454959800523123,0.18773047469837836,0.0041906504065040645,0.0007589551088082902,0.01101813822580645,0.1914259564837795
Clostridium,2.5631123247651906,0.2776049657440226,0.01377317073170731,0.008061710601036269,0.018895947645161296,0.28195955344196805
Melioribacter,1.8635625854988593,0.39385152029677106,0.00028560975609756095,0.0003281352176165803,0.00014950232258064514,0.3984669678002488
Coraliomargarita,1.1231059234622476,0.5703226864654034,4.186991869918699e-05,9.764290155440415e-06,3.451935483870968e-06,0.5747609953094921
Cloacibacillus,0.30584132239022865,0.858197807498842,0.0011498373983739837,8.394209844559586e-05,3.1235483870967745e-06,0.8615241555899228
Xanthomonas,0.16813737712176072,0.9193681038542582,0.00025203252032520324,5.8294875647668396e-05,3.422761290322581e-05,0.9193681038542582
