genus,U_stat,p_value,log2_fold_change,median_cancer,median_healthy,adjusted_p,direction
Bacteroides,15360.0,3.525644604134447e-05,1.262814753754797,0.032486856,0.013538251000000001,0.009131419524708216,enriched
Shigella,14321.5,0.0030721591348699243,1.1343469210705364,0.000116016,5.285e-05,0.3978446079656552,enriched
Pantoea,13754.5,0.014083931403207857,0.0,0.0,0.0,0.5285775983353488,depleted
Pragia,13637.0,0.01428588103609051,0.0,0.0,0.0,0.5285775983353488,depleted
Ichthyobacterium,13640.0,0.012456637879873217,0.0,0.0,0.0,0.5285775983353488,depleted
Candidatus Tachikawaea,13621.5,0.01389442833622663,0.0,0.0,0.0,0.5285775983353488,depleted
Yersinia,13943.0,0.011692469177325074,1.0792615954484983,9.54e-05,4.515e-05,0.5285775983353488,enriched
Morganella,13528.0,0.024279094527568268,0.0,0.0,0.0,0.7860356853300227,depleted
Xanthomonas,10727.0,0.9971614514750838,0.0,0.0,0.0,1.0,depleted
Weissella,11402.0,0.836991214690845,0.053706055337219415,5.61e-05,5.405e-05,1.0,enriched
Wansuia,,1.0,0.0,0.0,0.0,1.0,depleted
Virgibacillus,10737.0,0.9901303476591128,0.0,0.0,0.0,1.0,depleted
Vibrio,11501.0,0.8299751340728123,0.0,0.0,0.0,1.0,depleted
Vescimonas,,1.0,0.0,0.0,0.0,1.0,depleted
Veillonella,11849.0,0.6550521724471307,-0.7609500538050679,6.62e-05,0.00011218299999999999,1.0,depleted
Vagococcus,12435.0,0.2738337291650582,0.0,0.0,0.0,1.0,depleted
Ureaplasma,11281.5,0.945118334228421,0.0,0.0,0.0,1.0,depleted
Turicibacter,10498.0,0.9903156979941297,0.0,0.0,0.0,1.0,depleted
Trichodesmium,9515.0,0.9998179003565929,-19.541325422314568,0.0,7.630000000000001e-05,1.0,depleted
Treponema,12429.0,0.3452555750251997,0.0,0.0,0.0,1.0,depleted
Tistrella,11279.0,0.9580081502578927,0.0,0.0,0.0,1.0,depleted
Thomasclavelia,,1.0,0.0,0.0,0.0,1.0,depleted
Thiomonas,12570.5,0.2616912945620644,0.0,0.0,0.0,1.0,depleted
Anaerobutyricum,,1.0,0.0,0.0,0.0,1.0,depleted
Aminobacterium,11673.0,0.7632096564096762,0.0,0.0,0.0,1.0,depleted
Alpha3microvirus,11814.5,0.7208250386199642,0.0,0.0,0.0,1.0,depleted
Alkalitalea,11946.5,0.6689541455777243,0.0,0.0,0.0,1.0,depleted
Alistipes,13347.0,0.069837754840679,0.8062784509123545,0.000788351,0.0004508225,1.0,enriched
Alicyclobacillus,11861.5,0.7027665245397292,0.0,0.0,0.0,1.0,depleted
Akkermansia,11712.5,0.7145838548161897,-0.029713271125097782,8.65e-05,8.83e-05,1.0,depleted
Aggregatibacter,10420.0,0.993583740392707,0.0,0.0,0.0,1.0,depleted
Agathobacter,,1.0,0.0,0.0,0.0,1.0,depleted
Actinomyces,10867.5,0.9545875322196083,-1.1943758136501612,3.64e-05,8.329999999999999e-05,1.0,depleted
Actinobacillus,11300.0,0.9255122080242044,0.0,0.0,0.0,1.0,depleted
Acinetobacter,13328.0,0.07153236131306395,0.6785504200643167,0.000129483,8.09e-05,1.0,enriched
Acidihalobacter,10348.0,0.9991065195036914,0.0,0.0,0.0,1.0,depleted
Acidiferrobacter,11342.5,0.861112338287173,-18.276401610235848,0.0,3.175e-05,1.0,depleted
Acidaminococcus,12540.0,0.31799544614200853,-0.17495294957730506,0.000351453,0.000396765,1.0,depleted
[Clostridium],,1.0,0.0,0.0,0.0,1.0,depleted
Candidatus Moranella,11268.5,0.9420626402312743,0.0,0.0,0.0,1.0,depleted
Candidatus Koribacter,11528.0,0.8496503396504836,0.0,0.0,0.0,1.0,depleted
Candidatus Izimaplasma,9155.0,0.9999533293990086,-21.66440474836212,0.0,0.0003323805,1.0,depleted
Candidatus Hamiltonella,12857.5,0.1401251604022854,0.0,0.0,0.0,1.0,depleted
Candidatus Fukatsuia,13292.5,0.035271036033956565,0.0,0.0,0.0,1.0,depleted
Candidatus Cardinium,11890.5,0.6655225095294729,0.0,0.0,0.0,1.0,depleted
Candidatus Blochmannia,11160.0,0.9087829478809406,-18.685176528364146,0.0,4.215e-05,1.0,depleted
Candidatus Azobacteroides,11031.5,0.9418734419282138,0.0,0.0,0.0,1.0,depleted
Candidatus Amoebophilus,9610.5,0.9996515544303705,-19.026482918023216,0.0,5.34e-05,1.0,depleted
Candidatus,,1.0,0.0,0.0,0.0,1.0,depleted
Campylobacter,12026.0,0.5960620945308789,0.0,0.0,0.0,1.0,depleted
Caldicellulosiruptor,12213.0,0.45709222110138975,0.0,0.0,0.0,1.0,depleted
Butyrivibrio,9633.5,0.9991524944511717,-1.749742949061819,0.000480538,0.001616043,1.0,depleted
Burkholderia,12803.0,0.13491132733067168,0.0,0.0,0.0,1.0,depleted
Brochothrix,11622.0,0.7871184274525678,0.0,0.0,0.0,1.0,depleted
Blautia,11435.5,0.8163056501372582,-0.40153184752514753,0.000356125,0.000470409,1.0,depleted
Chordicoccus,,1.0,0.0,0.0,0.0,1.0,depleted
Chloroflexus,11872.5,0.6809476994699566,0.0,0.0,0.0,1.0,depleted
Chlamydia,12080.5,0.5439792994830893,0.0,0.0,0.0,1.0,depleted
Chakrabartyella,,1.0,0.0,0.0,0.0,1.0,depleted
Cellulosilyticum,10454.5,0.9842080490285773,-0.6821634884553999,8.13e-05,0.0001304495,1.0,depleted
Cellulomonas,12125.0,0.6229987139199853,0.0,0.0,0.0,1.0,depleted
Caulobacter,12326.5,0.37634816997655746,0.0,0.0,0.0,1.0,depleted
Capnocytophaga,11493.0,0.9083433743543086,0.0,0.0,0.0,1.0,depleted
Candidatus Sulcia,11729.0,0.7050085781959711,-0.5466812090352269,0.000100578,0.0001469165,1.0,depleted
Candidatus Solibacter,11380.0,0.8536972669134499,0.0,0.0,0.0,1.0,depleted
Candidatus Purcelliella,12822.0,0.1420558742930778,0.0,0.0,0.0,1.0,depleted
Candidatus Promineofilum,10845.5,0.9599724040021661,-19.05457517295423,0.0,5.4449999999999995e-05,1.0,depleted
Candidatus Phytoplasma,10509.0,0.9933568684657964,0.0,0.0,0.0,1.0,depleted
Candidatus Phaeomarinobacter,10159.0,0.9956211295757376,-19.186165030955525,0.0,5.965e-05,1.0,depleted
Candidatus Nucleicultrix,12048.0,0.5784624255213928,0.0,0.0,0.0,1.0,depleted
Desulfofarcimen,10265.0,0.9980087153757234,0.0,0.0,0.0,1.0,depleted
Desulfococcus,11729.0,0.8070653454085459,0.0,0.0,0.0,1.0,depleted
Deinococcus,11475.5,0.8645681962794263,0.0,0.0,0.0,1.0,depleted
Dehalococcoides,8136.0,0.9999997310269315,-1.662158111656819,0.000329761,0.0010436595,1.0,depleted
Dehalobacterium,9949.5,0.9986208726392752,-18.62578374370086,0.0,4.045e-05,1.0,depleted
Corynebacterium,11935.5,0.6124371380451068,0.45753249597170303,7.12e-05,5.185e-05,1.0,enriched
Coriobacterium,11029.5,0.9808761397198998,0.0,0.0,0.0,1.0,depleted
Coraliomargarita,12106.5,0.5441441998004363,0.0,0.0,0.0,1.0,depleted
Coprococcus,,1.0,0.0,0.0,0.0,1.0,depleted
Coprobacter,,1.0,0.0,0.0,0.0,1.0,depleted
Comamonas,11515.0,0.79927114010682,-0.8330472004456367,3.18e-05,5.665e-05,1.0,depleted
Collinsella,11839.5,0.6626830653634225,-1.2749639867508764,4.35e-05,0.00010526700000000001,1.0,depleted
Clostridium,10262.0,0.990777557236363,-0.4975148467623646,0.003880071,0.005477805,1.0,depleted
Clostridioides,9458.0,0.9996052013804213,-1.1853425776851128,0.00051462,0.0011703355,1.0,depleted
Cloacibacillus,12335.0,0.37119204756278934,0.0,0.0,0.0,1.0,depleted
Chthonomonas,10957.0,0.9500876208056536,0.0,0.0,0.0,1.0,depleted
Erysipelothrix,12243.5,0.4548524992224381,0.0,0.0,0.0,1.0,depleted
Erwinia,13191.0,0.06486744929527395,0.0,0.0,0.0,1.0,depleted
Enterovibrio,12252.5,0.4453577636020908,0.0,0.0,0.0,1.0,depleted
Enterococcus,11336.0,0.8732855378591113,0.0,0.0,0.0,1.0,depleted
Enterobacter,13165.0,0.10177433626075577,0.07254799291030228,8.36e-05,7.950000000000001e-05,1.0,enriched
Emergencia,,1.0,0.0,0.0,0.0,1.0,depleted
Elusimicrobium,11785.0,0.772668554591944,0.0,0.0,0.0,1.0,depleted
Eggerthella,12371.0,0.38220830335576805,0.0,0.0,0.0,1.0,depleted
Draconibacterium,10331.0,0.9927098181278949,-19.339739114401464,0.0,6.635e-05,1.0,depleted
Dorea,,1.0,0.0,0.0,0.0,1.0,depleted
Dichelobacter,12159.0,0.5003821191479412,0.0,0.0,0.0,1.0,depleted
Dialister,8883.0,0.9999765951477568,-2.4653141693430793,0.003041825,0.0167983935,1.0,depleted
Devosia,11772.0,0.7765186153340842,0.0,0.0,0.0,1.0,depleted
Desulfovibrio,11827.5,0.6670413430903803,-0.2518719655710106,6.92e-05,8.24e-05,1.0,depleted
Desulfotomaculum,12265.5,0.4016615785998851,0.0,0.0,0.0,1.0,depleted
Desulfomonile,10189.0,0.9952169616848011,-19.066449251524713,0.0,5.4900000000000006e-05,1.0,depleted
Gemmatimonas,10654.0,0.9797951661670664,-16.842313509430507,0.0,1.175e-05,1.0,depleted
Fusobacterium,12811.0,0.16571010467125835,0.0,0.0,0.0,1.0,depleted
Frankia,10756.0,0.9981779284105832,0.0,0.0,0.0,1.0,depleted
Flavonifractor,11856.0,0.6511645806252823,-0.04869364065682147,0.000923432,0.0009551315000000001,1.0,depleted
Flammeovirga,11802.0,0.734710518210171,0.0,0.0,0.0,1.0,depleted
Finegoldia,10207.5,0.9996183764453044,0.0,0.0,0.0,1.0,depleted
Filifactor,11495.5,0.79908899705351,0.006023781339879715,9.6e-05,9.56e-05,1.0,enriched
Fibrobacter,11413.0,0.8742036114424556,0.0,0.0,0.0,1.0,depleted
Fastidiosipila,10907.0,0.9512675845412546,-18.800258494982476,0.0,4.565e-05,1.0,depleted
Faecalibaculum,12149.0,0.5055956324428517,17.931574340092798,2.5e-05,0.0,1.0,enriched
Faecalibacterium,13305.0,0.07452310723873516,0.41911039643460557,0.061590964,0.046062997999999994,1.0,enriched
Faecalibacillus,,1.0,0.0,0.0,0.0,1.0,depleted
Ezakiella,11989.0,0.6355434382343581,0.0,0.0,0.0,1.0,depleted
Eubacterium,9770.0,0.9984988642039856,-0.8619435100268147,0.008804869,0.016002718,1.0,depleted
Ethanoligenens,11284.0,0.8728026823463544,-0.4397125265056967,4.42e-05,5.9949999999999994e-05,1.0,depleted
Escherichia,13152.0,0.10865684170419332,0.3339235731296441,0.000575816,0.0004568385,1.0,enriched
Jeotgalibaca,11333.0,0.8666431580580712,-18.381530277528835,0.0,3.415e-05,1.0,depleted
Intestinimonas,9465.5,0.9996054535225118,-0.7043795473707138,0.000174782,0.0002847975,1.0,depleted
Intestinibacillus,,1.0,0.0,0.0,0.0,1.0,depleted
Hungatella,,1.0,0.0,0.0,0.0,1.0,depleted
Hungateiclostridium,10077.0,0.9987245099090177,0.0,0.0,0.0,1.0,depleted
Homo,12161.5,0.49837816168706517,0.0,0.0,0.0,1.0,depleted
Herbinix,9349.0,0.9997653203289064,-1.3292823830900191,0.000500045,0.0012565014999999999,1.0,depleted
Helicobacter,12253.5,0.4510944087079496,0.30378003482087246,4.74e-05,3.84e-05,1.0,enriched
Halothiobacillus,12046.5,0.5748688500662132,0.0,0.0,0.0,1.0,depleted
Halomicrobium,11764.0,0.76147176942697,0.0,0.0,0.0,1.0,depleted
Haemophilus,9380.0,0.9997324600207124,-0.8940884431442844,0.000478273,0.0008888394999999999,1.0,depleted
Gordonibacter,12292.0,0.34767701027188114,0.0,0.0,0.0,1.0,depleted
Geobacter,11531.0,0.8421099781204496,0.0,0.0,0.0,1.0,depleted
Geobacillus,11967.0,0.6267359411035429,0.0,0.0,0.0,1.0,depleted
Geoalkalibacter,10707.0,0.990310955901219,0.0,0.0,0.0,1.0,depleted
Longicatena,,1.0,0.0,0.0,0.0,1.0,depleted
Listeria,10850.0,0.9832738791889648,0.0,0.0,0.0,1.0,depleted
Limnochorda,10294.5,0.9954435242432018,0.0,0.0,0.0,1.0,depleted
Liberibacter,11988.0,0.6307390530060648,0.0,0.0,0.0,1.0,depleted
Libanicoccus,11877.0,0.6990348033280941,0.0,0.0,0.0,1.0,depleted
Leuconostoc,11171.5,0.8978852727721763,-0.35985806232572365,5.03e-05,6.455e-05,1.0,depleted
Lawsonibacter,,1.0,0.0,0.0,0.0,1.0,depleted
Lactococcus,11643.5,0.7989784712575658,0.0,0.0,0.0,1.0,depleted
Lactobacillus,10938.0,0.935486407819592,-0.10680424657109756,0.000501163,0.0005396725,1.0,depleted
Lachnospira,,1.0,0.0,0.0,0.0,1.0,depleted
Lachnoclostridium,13025.5,0.14063414066837648,-0.04728723270681552,0.002407511,0.0024877295,1.0,depleted
Lachnoanaerobaculum,12572.5,0.2968514069313589,-0.2710168727163087,7.96e-05,9.605e-05,1.0,depleted
Kosmotoga,11434.0,0.8945261123190854,0.0,0.0,0.0,1.0,depleted
Klebsiella,13203.0,0.0880290595967439,0.4629710032882625,5.61e-05,4.07e-05,1.0,enriched
Kiritimatiella,11184.0,0.8873531224605473,-0.4748590304027035,0.000201157,0.0002795645,1.0,depleted
Kineothrix,,1.0,0.0,0.0,0.0,1.0,depleted
Muribaculum,10843.0,0.9520217991982427,-0.7335058392721812,8.84e-05,0.0001469805,1.0,depleted
Mordavella,10116.0,0.9944292404672967,-0.47383374369024517,0.002651241,0.0036820305,1.0,depleted
Monoglobus,10984.0,0.9458501828941673,0.0,0.0,0.0,1.0,depleted
Mogibacterium,9233.5,0.9998644199041321,-1.0038422222727608,0.00033578,0.000673351,1.0,depleted
Methylobacter,,1.0,0.0,0.0,0.0,1.0,depleted
Methanobrevibacter,11547.0,0.8358710735756321,0.0,0.0,0.0,1.0,depleted
Melioribacter,10600.0,0.9760759571503332,-0.5253866329648362,8.6e-05,0.0001237815,1.0,depleted
Megasphaera,10585.5,0.9754030313026937,-0.49164180399361573,0.000184869,0.00025993399999999997,1.0,depleted
Megamonas,12223.0,0.4442639227488051,0.0,0.0,0.0,1.0,depleted
Mediterraneibacter,,1.0,0.0,0.0,0.0,1.0,depleted
Massilia,11709.5,0.7214166147688753,-0.6983425592870867,3.18e-05,5.16e-05,1.0,depleted
Mahella,11716.0,0.8580548876750572,0.0,0.0,0.0,1.0,depleted
Magnetospira,11717.0,0.8114956666024865,0.0,0.0,0.0,1.0,depleted
Mageeibacillus,11912.5,0.6632204181210916,0.0,0.0,0.0,1.0,depleted
Lysinibacillus,11645.0,0.907166831481119,0.0,0.0,0.0,1.0,depleted
Paludicola,,1.0,0.0,0.0,0.0,1.0,depleted
Paeniclostridium,11166.0,0.9208816469848948,0.0,0.0,0.0,1.0,depleted
Paenibacillus,10618.0,0.9884201601356074,0.0,0.0,0.0,1.0,depleted
Oscillibacter,11172.0,0.8900805051826187,-0.479489549116289,0.001949698,0.002718367,1.0,depleted
Olsenella,11105.5,0.9147659768645608,-0.7462778358574863,3.86e-05,6.475e-05,1.0,depleted
Oenococcus,11559.5,0.8002672330458723,0.0,0.0,0.0,1.0,depleted
Odoribacter,12547.0,0.310820573058091,0.16955866527997546,0.000112765,0.00010026100000000001,1.0,enriched
Novisyntrophococcus,,1.0,0.0,0.0,0.0,1.0,depleted
Novibacillus,11206.0,0.9175702777985679,0.0,0.0,0.0,1.0,depleted
Nocardia,11846.0,0.7861689626511277,0.0,0.0,0.0,1.0,depleted
Nitrospira,12157.0,0.5018959489336818,0.0,0.0,0.0,1.0,depleted
Nitrosomonas,11335.5,0.8979661680168051,0.0,0.0,0.0,1.0,depleted
Niabella,12348.0,0.08073106289462517,0.0,0.0,0.0,1.0,depleted
Neisseria,11127.0,0.9306517655614616,0.0,0.0,0.0,1.0,depleted
Mycoplasma,10910.5,0.9493433394581471,-1.1565502884932595,2.77e-05,6.175000000000001e-05,1.0,depleted
Muricauda,12934.0,0.13214589237179697,0.0,0.0,0.0,1.0,depleted
Prevotella,9958.0,0.9968698638764545,-0.3714815018903372,0.36876101,0.477058975,1.0,depleted
Porphyromonas,12783.5,0.2008636561608652,0.0,0.0,0.0,1.0,depleted
Photobacterium,12425.0,0.301163527292869,0.0,0.0,0.0,1.0,depleted
Phocaeicola,,1.0,0.0,0.0,0.0,1.0,depleted
Phascolarctobacterium,,1.0,0.0,0.0,0.0,1.0,depleted
Petroclostridium,,1.0,0.0,0.0,0.0,1.0,depleted
Peptoniphilus,11789.0,0.7501168098387283,0.0,0.0,0.0,1.0,depleted
Peptoclostridium,10421.5,0.9889359450532765,-19.570339366912755,0.0,7.785e-05,1.0,depleted
Paucibacter,11295.0,0.9086472199262003,0.0,0.0,0.0,1.0,depleted
Pasteurella,11528.5,0.988915283672421,0.0,0.0,0.0,1.0,depleted
Parvimonas,11999.0,0.6469493263515385,0.0,0.0,0.0,1.0,depleted
Paraprevotella,,1.0,0.0,0.0,0.0,1.0,depleted
Paraphotobacterium,12489.0,0.28706644220913413,0.0,0.0,0.0,1.0,depleted
Parabacteroides,12835.0,0.2007471443116825,0.7437170641113642,0.007076242,0.0042259225,1.0,enriched
Sandaracinus,11746.0,0.7713820571500766,0.0,0.0,0.0,1.0,depleted
Salmonella,13434.5,0.049938767327516675,0.9109353337213266,8.48e-05,4.51e-05,1.0,enriched
Ruthenibacterium,,1.0,0.0,0.0,0.0,1.0,depleted
Ruminococcus,10247.5,0.9912378783928772,-0.7693938614152783,0.002835708,0.004833616000000001,1.0,depleted
Rubrobacter,10821.0,0.9537590911769666,-0.8990204093185399,0.000107759,0.00020094900000000002,1.0,depleted
Rothia,11461.0,0.9473243567802933,0.0,0.0,0.0,1.0,depleted
Roseburia,12245.0,0.45722471416965893,-1.282104379526566,0.000431513,0.0010494115,1.0,depleted
Rickettsia,10634.0,0.9812539899330778,0.0,0.0,0.0,1.0,depleted
Rhodomicrobium,10366.5,0.9920927673103623,-18.834609925412483,0.0,4.675e-05,1.0,depleted
Psychrobacter,12536.0,0.2842224284738645,0.0,0.0,0.0,1.0,depleted
Pseudopedobacter,11377.5,0.8406948608400857,-0.621804892832449,6e-05,9.2328e-05,1.0,depleted
Pseudomonas,11873.0,0.6455601623946647,-0.17573489881876722,4.13e-05,4.6649999999999996e-05,1.0,depleted
Pseudarcicella,11322.0,0.8955105496625793,0.0,0.0,0.0,1.0,depleted
Proteus,12043.5,0.5722795985400565,0.0,0.0,0.0,1.0,depleted
Prosthecochloris,11195.0,0.9373741752586552,0.0,0.0,0.0,1.0,depleted
Propionimicrobium,10133.0,0.9986626702487587,0.0,0.0,0.0,1.0,depleted
Streptobacillus,11597.0,0.8593847901764089,0.0,0.0,0.0,1.0,depleted
Steroidobacter,10037.0,0.9975673026800443,-19.644386184218117,0.0,8.195e-05,1.0,depleted
Staphylococcus,9354.5,0.9997718616643188,-1.2053866988606816,0.000152648,0.00035200499999999996,1.0,depleted
Spiroplasma,9707.0,0.9996393806611062,-18.92723687312968,0.0,4.985e-05,1.0,depleted
Sphingobium,11744.0,0.7166333300218689,0.0,0.0,0.0,1.0,depleted
Sphaerobacter,11427.0,0.9074901612118789,0.0,0.0,0.0,1.0,depleted
Solibaculum,,1.0,0.0,0.0,0.0,1.0,depleted
Sodalis,13422.5,0.049527692628325466,0.3845344693115806,4.68e-05,3.5850000000000004e-05,1.0,enriched
Sneathia,11197.5,0.963179797694042,0.0,0.0,0.0,1.0,depleted
Shewanella,13287.5,0.050181390197789874,0.0,0.0,0.0,1.0,depleted
Serratia,12176.0,0.49159976947716244,-0.2869490267839881,6.93e-05,8.455e-05,1.0,depleted
Sellimonas,,1.0,0.0,0.0,0.0,1.0,depleted
Selenomonas,9081.5,0.9999393550950826,-3.238028652445036,0.00027185,0.0025649165,1.0,depleted
Segatella,,1.0,0.0,0.0,0.0,1.0,depleted
Sarcina,,1.0,0.0,0.0,0.0,1.0,depleted
Thioflavicoccus,11490.0,0.8707416908747572,0.0,0.0,0.0,1.0,depleted
Thioalkalivibrio,12724.0,0.17400883771095332,0.0,0.0,0.0,1.0,depleted
Thermus,11430.0,0.8851528839810475,0.0,0.0,0.0,1.0,depleted
Thermodesulfatator,13176.5,0.06354777583066017,0.0,0.0,0.0,1.0,depleted
Thermobispora,11272.5,0.9062996869358779,0.0,0.0,0.0,1.0,depleted
Thermobifida,10979.5,0.9576070184219906,0.0,0.0,0.0,1.0,depleted
Thalassolituus,11405.0,0.8819834865755007,0.0,0.0,0.0,1.0,depleted
Tessaracoccus,11235.0,0.8987836167623233,0.0,0.0,0.0,1.0,depleted
Terrisporobacter,,1.0,0.0,0.0,0.0,1.0,depleted
Tannerella,13088.5,0.11804960069720416,0.4782466120220276,9.02e-05,6.475e-05,1.0,enriched
Syntrophomonas,12368.5,0.3614560332646703,0.0,0.0,0.0,1.0,depleted
Synechococcus,11918.0,0.7122291614297913,0.0,0.0,0.0,1.0,depleted
Symbiobacterium,10949.0,0.9494595040458419,-18.36239334683178,0.0,3.37e-05,1.0,depleted
Sutterella,10674.5,0.96839419398867,-1.0680385289742125,0.000108483,0.00022744349999999998,1.0,depleted
Streptomyces,12615.0,0.131996834857532,0.0,0.0,0.0,1.0,depleted
Streptococcus,9888.0,0.9976074131813326,-0.6723722449916573,0.001158196,0.001845807,1.0,depleted
Bifidobacterium,11892.5,0.6315212679487324,0.29165831949459886,0.000136196,0.00011126699999999999,1.0,enriched
Basfia,11373.5,0.8435597888743411,-0.30879833864544426,5.74e-05,7.11e-05,1.0,depleted
Bartonella,11869.5,0.6989465364856823,0.0,0.0,0.0,1.0,depleted
Barnesiella,12371.0,0.3920560229054503,-0.4175796029458723,4.96e-05,6.625e-05,1.0,depleted
Bacillus,9828.0,0.9984023696696197,-0.6818984583888319,6.07e-05,9.7378e-05,1.0,depleted
Aureibaculum,,1.0,0.0,0.0,0.0,1.0,depleted
Asticcacaulis,10874.0,0.957723328530627,-18.962966588874913,0.0,5.1099999999999995e-05,1.0,depleted
Arsenophonus,10949.5,0.9614182754560959,0.0,0.0,0.0,1.0,depleted
Aristaeella,,1.0,0.0,0.0,0.0,1.0,depleted
Arcticibacterium,11791.5,0.7501104146865423,0.0,0.0,0.0,1.0,depleted
Anoxybacillus,9935.0,0.9973879077583708,-1.144698876952812,9.29e-05,0.000205402,1.0,depleted
Aneurinibacillus,11408.0,0.8878213178432914,0.0,0.0,0.0,1.0,depleted
Anaerotignum,10620.0,0.972377350800868,-0.6763077458492741,0.000299419,0.000478485,1.0,depleted
Anaerostipes,11436.5,0.8237721557261509,-1.388392315298621,0.000264795,0.0006931985,1.0,depleted
Anaerolinea,12122.5,0.5236459171435877,0.0,0.0,0.0,1.0,depleted
[Ruminococcus],,1.0,0.0,0.0,0.0,1.0,depleted
uncultured,,1.0,0.0,0.0,0.0,1.0,depleted
Acetoanaerobium,8982.5,0.999962068314534,-1.6397743570825651,0.000229634,0.000715579,1.0,depleted
