,PC1,PC2,PC3,cancer_type,condition
SRR2143521,-0.3588091113064349,-0.3058008673093461,0.06991045606023685,Colorectal,Healthy
SRR2143523,-0.33683315245629697,-0.14955129866079328,-0.043751661739704524,Colorectal,Cancer
SRR2143524,-0.3559732777010691,-0.16991032358833089,-0.12243063421860237,Colorectal,Healthy
SRR2143526,-0.3511865576136541,-0.2459141820388134,0.035244176740033537,Colorectal,Cancer
SRR2143527,-0.3768843159845064,-0.06978598637868766,-0.13761005661932926,Colorectal,Healthy
SRR2143530,-0.37021329509855144,0.024294449609756977,-0.04010682385139066,Colorectal,Healthy
SRR2143533,-0.3699300011481052,-0.3124054370304378,-0.021407137625458757,Colorectal,Cancer
SRR2143534,-0.39823084953033133,0.03945010907297495,-0.05670959680986274,Colorectal,Cancer
SRR2143536,-0.3504371256593611,-0.014589015221594184,-0.11357965498135993,Colorectal,Healthy
SRR2143537,-0.39411902488439204,-0.24083522040623323,-0.06523136640244231,Colorectal,Cancer
SRR2143538,-0.3365669758230442,-0.3345578236027552,0.05519767016211472,Colorectal,Cancer
SRR2143540,-0.3839932900628398,-0.056912128543435046,-0.09143202477455353,Colorectal,Healthy
SRR2143542,-0.34784817879348456,-0.029493457015864016,-0.06995436844937095,Colorectal,Cancer
SRR2143543,-0.4217170502309921,-0.2196303988162348,-0.08189398259468032,Colorectal,Healthy
SRR2143544,-0.36569132740092836,-0.1285862594954783,-0.018009187493129644,Colorectal,Cancer
SRR2143545,-0.1784072356248544,-0.15033609237131898,0.1004182387526042,Colorectal,Cancer
SRR2143546,-0.3017438802681824,-0.15196480118293465,-0.06494709849439233,Colorectal,Healthy
SRR2143547,-0.37355418199150675,-0.2014892115410741,-0.08424657652887554,Colorectal,Healthy
SRR2143549,-0.41099417668591864,0.07588902548193276,-0.04187040509315329,Colorectal,Healthy
SRR2143551,-0.31203999513127173,0.06348818831415504,-0.07224021401913917,Colorectal,Healthy
SRR2143552,-0.3741987531879114,-0.22490012044808133,-0.03985792091311288,Colorectal,Cancer
SRR2143553,-0.3669437796289848,0.05414451075775415,-0.08535333806714977,Colorectal,Cancer
SRR2143555,-0.35165751034180487,-0.302313944759881,0.008267061085436922,Colorectal,Healthy
SRR2143557,-0.3627286612802545,0.08870251190151913,-0.031987513522962883,Colorectal,Cancer
SRR2143558,-0.35214348607303636,-0.09415981034940736,-0.04157602918156422,Colorectal,Healthy
SRR2143559,-0.36102550461765615,0.012135450640768815,-0.14257134604264063,Colorectal,Healthy
SRR2143560,-0.37299664370661045,-0.22492068666598403,-0.1013705984058178,Colorectal,Healthy
SRR2143562,-0.3512587930791261,-0.2768262012120871,-0.04377781230868166,Colorectal,Healthy
SRR2143564,-0.4037016259958887,-0.26962460568835706,-0.021578564879396262,Colorectal,Healthy
SRR2143565,-0.38697693004917255,-0.2644869238478252,-0.08458240763499245,Colorectal,Cancer
SRR2143567,-0.3620957172138541,-0.3244427706352929,0.0010889136652600386,Colorectal,Healthy
SRR2143568,-0.3273692622311592,-0.03119004252471826,-0.07934532173723682,Colorectal,Healthy
SRR2143569,-0.3746155982162728,-0.01494084045304149,-0.05903047812295994,Colorectal,Cancer
SRR2143572,-0.37647573032476744,0.028682079913372717,-0.1289358050059836,Colorectal,Healthy
SRR2143574,-0.3450034355263588,-0.18773145321389695,-0.09771904257133236,Colorectal,Healthy
SRR2143576,-0.3483903818041057,-0.2909054823726896,-0.03146033609126192,Colorectal,Cancer
SRR2143578,-0.23390579880585052,0.03391666965826752,0.05228820536755999,Colorectal,Cancer
SRR2143580,-0.3601092359781192,-0.056831424783539086,-0.09961530451968235,Colorectal,Healthy
SRR2143582,-0.35587225530043204,-0.08787662038875678,-0.05039863346883471,Colorectal,Cancer
SRR2143583,-0.39818464503129203,-0.17757918579556053,-0.025184210074056516,Colorectal,Cancer
SRR2143584,-0.3610911019144411,-0.18371211417828923,-0.1080400414673855,Colorectal,Healthy
SRR2143585,-0.35630154860900215,-0.1045425273913926,-0.04434260107629791,Colorectal,Healthy
SRR2143587,-0.3499117554793652,0.07007327082326886,-0.14832054743807782,Colorectal,Healthy
SRR2143589,-0.35698020574818995,-0.04710381504964141,-0.08241307796660438,Colorectal,Cancer
SRR2143591,-0.3689302055383179,0.16502980251782315,-0.08834853225734854,Colorectal,Healthy
SRR2143593,-0.3585833059079609,0.035192681848889566,-0.15685603311163862,Colorectal,Healthy
SRR2143595,-0.33628647358729125,0.2257774466795493,-0.0646529124715621,Colorectal,Healthy
SRR2143597,-0.34675438214972004,0.04144048208945502,-0.05741255288723647,Colorectal,Healthy
SRR2143598,-0.38308229451,0.006541925501973095,-0.0634034191099674,Colorectal,Healthy
SRR2143600,-0.33854927589042116,0.06687791827961732,-0.0424798751533007,Colorectal,Cancer
SRR2143602,-0.2749006742843657,-0.3247002153132125,0.10896786524081498,Colorectal,Cancer
SRR2143605,-0.38838338588088045,-0.18764635574248031,-0.11140597767869001,Colorectal,Healthy
SRR2143607,-0.29631133582251157,0.09363058287847843,-0.04707516148426778,Colorectal,Cancer
SRR2143608,-0.2512727291903449,0.01194902772516172,-0.10555944114650027,Colorectal,Cancer
SRR2143609,-0.3685547412585368,0.09022848069684893,-0.11663423362940033,Colorectal,Healthy
SRR2143610,-0.3587297290244966,-0.07039338229769075,-0.12124528923944088,Colorectal,Healthy
SRR2143611,-0.35439274579326047,0.03976478144844161,-0.04175193889160154,Colorectal,Cancer
SRR2143612,-0.4136178386667772,-0.0021933320783726145,-0.03251577427287921,Colorectal,Healthy
SRR2143614,-0.31923308048382104,0.1683752747555052,-0.05926283180677123,Colorectal,Cancer
SRR2143615,-0.32642750257758735,-0.28521934735780635,-0.004546589820578725,Colorectal,Cancer
SRR2143617,-0.36649957071998057,0.006800265269772648,-0.0865194538367337,Colorectal,Healthy
SRR2143618,-0.33403068436695027,0.18842539016289153,0.0022278141148562858,Colorectal,Healthy
SRR2143619,-0.36045814089147893,-0.3109212916634674,0.00028150070391282556,Colorectal,Healthy
SRR2143621,-0.3496207105935389,-0.3169007188104739,9.639805602659806e-05,Colorectal,Cancer
SRR2143623,-0.323991454473731,-0.17871104102068866,-0.04396275775189079,Colorectal,Cancer
SRR2143624,-0.27554275064691197,-0.30490579318808997,0.0679084676104188,Colorectal,Healthy
SRR2143626,-0.28036805436930445,-0.3000349940030212,0.07185707518457467,Colorectal,Cancer
SRR2143627,-0.39484889531877776,-0.2845272037030968,-0.07382556100820589,Colorectal,Healthy
SRR2143629,-0.41792835340057055,-0.06768913173186022,-0.04651356479962155,Colorectal,Healthy
SRR2143630,-0.3638509344678579,0.010705633252127957,-0.1193975181131996,Colorectal,Healthy
SRR2143633,-0.3645256362013799,0.046525907658098505,-0.1162835382340257,Colorectal,Healthy
SRR2143634,-0.3348304675071586,-0.26534469986656267,-0.03958059645910482,Colorectal,Cancer
SRR2143636,-0.33762667556842185,0.0327767706073343,-0.08441159629662703,Colorectal,Healthy
SRR2143637,-0.3056746056193796,-0.07111511059725509,-0.041147051449335975,Colorectal,Healthy
SRR2143638,-0.3602596159210446,0.19325702469969003,-0.11227771337644298,Colorectal,Cancer
SRR2143640,-0.3480414128412845,0.028396166899605172,-0.11383807234546114,Colorectal,Healthy
SRR2143641,-0.3760036595064212,-0.17702720823283244,-0.11794628827620166,Colorectal,Healthy
SRR2143643,-0.3767445123058201,-0.10882961853148665,-0.08148957193596613,Colorectal,Healthy
SRR2143644,-0.32811353799519144,-0.21328029721428204,0.050034882214751206,Colorectal,Cancer
SRR2143646,-0.3649880447240153,0.14790933719579688,0.02648176753450201,Colorectal,Healthy
SRR2143647,-0.3597760925660941,0.15999811775073114,-0.02475399132134567,Colorectal,Cancer
SRR2143648,-0.35474285399849875,-0.32235945727483956,-0.002168300920436829,Colorectal,Cancer
SRR2143650,-0.38911300874545623,-0.04979670476037201,-0.03244141495645607,Colorectal,Cancer
SRR2143652,-0.2922651777771588,-0.15848426852231,0.03821777514294349,Colorectal,Healthy
SRR2143653,-0.37410533451804984,-0.0638840609742057,-0.08591910015718597,Colorectal,Cancer
SRR2143654,-0.35127193432389675,-0.1279126519521727,-0.14431558242715878,Colorectal,Healthy
SRR2143656,-0.38591077538483554,0.03714822793179761,-0.024057432252105878,Colorectal,Healthy
SRR2143657,-0.33000623422907754,0.047835579421249344,-0.12278624698637398,Colorectal,Healthy
SRR2143659,-0.3698616682797028,-0.2277436313647656,-0.024341952687073832,Colorectal,Cancer
SRR2143662,-0.3587997095716722,0.15960474942447886,0.005763900608101419,Colorectal,Healthy
SRR2143663,-0.3810817044525254,-0.2787268636300114,-0.0630503994024738,Colorectal,Cancer
SRR2143664,-0.3557113211918627,-0.131713623028356,-0.08969391186208853,Colorectal,Healthy
SRR2143665,-0.39561264831156784,-0.12186436198301433,-0.053651882152095466,Colorectal,Cancer
SRR2143666,-0.3489313235868665,0.045370544962978876,-0.055247703323718575,Colorectal,Healthy
SRR2143667,-0.35854677980785354,-0.3409932052742587,0.012065209187774446,Colorectal,Healthy
SRR2143668,-0.36273176142137536,0.004512984513139866,-0.0001557555257452671,Colorectal,Healthy
SRR2143669,-0.3670790643131063,0.1748151795967122,-0.03282581892322511,Colorectal,Healthy
SRR2143670,-0.3736418715155492,-0.011863677476977027,-0.12830573835992803,Colorectal,Cancer
SRR2143671,-0.3487829495746069,0.012722812763600407,-0.0721058781167306,Colorectal,Healthy
SRR2143672,-0.3545590511925706,0.07574509721343575,-0.07705755758963796,Colorectal,Cancer
SRR2143677,-0.2388675465296765,0.1290921783382895,-0.07691772573471618,Colorectal,Cancer
SRR2143679,-0.30634027977501466,-0.05049552791500453,-0.11225191196665059,Colorectal,Cancer
SRR2143680,-0.3377749977566185,0.1264313355813017,-0.09969685877793094,Colorectal,Cancer
SRR2143681,-0.3218398405815449,0.1357206071129948,-0.004404995383658139,Colorectal,Healthy
SRR2143682,-0.3400594219110945,-0.2581977305737267,-0.05038513662357463,Colorectal,Healthy
SRR2143683,-0.3399305532985813,0.20614557562867913,0.013194578868493555,Colorectal,Cancer
SRR2143685,-0.3951150226830837,-0.10107792914424524,-0.09791775235671331,Colorectal,Healthy
SRR2143686,-0.2957400247056118,0.24440996395596584,0.07897465675259097,Colorectal,Cancer
SRR2143687,-0.32473546488655297,-0.10107186342819521,-0.027950837074029077,Colorectal,Healthy
SRR2143689,-0.36387974579500854,-0.20883996445599215,-0.11500390332454394,Colorectal,Healthy
SRR2143691,-0.3555404564335626,-0.1943391957108571,-0.034698981932089215,Colorectal,Cancer
SRR2143692,-0.29000039733564054,-0.26389111648541763,0.05372163461279935,Colorectal,Cancer
SRR2143693,-0.3692617537891632,-0.09303017256651543,-0.06559763503765595,Colorectal,Cancer
SRR2143694,-0.3949945818193681,0.025796646581066535,-0.0372438125711797,Colorectal,Healthy
SRR2143695,-0.3254063379258483,-0.28396841229520015,0.02393417139195026,Colorectal,Healthy
SRR2143696,-0.29552632200650575,-0.1457694572503809,-0.10600273169043707,Colorectal,Cancer
SRR2143697,-0.3482779223575368,0.05302297458038523,-0.03282286229377498,Colorectal,Healthy
SRR2143698,-0.34906342181854066,-0.24170323299869234,-0.08427918722713214,Colorectal,Healthy
SRR2143699,-0.344858815588495,-0.18685312762297043,-0.09354673992221145,Colorectal,Healthy
SRR2143700,-0.3461742763125762,-0.23132898141625063,-0.011253174562262132,Colorectal,Healthy
SRR2143703,-0.33013210274175464,-0.27853851753438486,-0.04947963944576741,Colorectal,Cancer
SRR2143704,-0.3624201436734686,-0.3286038301082087,0.016155349306863465,Colorectal,Cancer
SRR2143705,-0.29349398708994073,-0.19116624136678134,0.005971043734002182,Colorectal,Healthy
SRR2143706,-0.35780717118890887,0.04593028022264164,-0.08238934781662344,Colorectal,Cancer
SRR2143709,-0.34794055334041873,-0.27807869313988526,-0.012800571691619073,Colorectal,Cancer
SRR2143711,-0.40541597476916924,-0.13774975861107522,-0.07362944345100683,Colorectal,Healthy
SRR2143713,-0.38760107508693337,0.12016698628522703,-0.0060245019902041026,Colorectal,Healthy
SRR2143716,-0.3750409289755532,-0.18765755685691607,-0.04605692186410827,Colorectal,Healthy
SRR2143717,-0.3628647385861248,-0.28492831311827344,-0.021834068544401588,Colorectal,Healthy
SRR2143722,-0.25380143605620004,-0.007173868013190386,0.06508341610564657,Colorectal,Healthy
SRR2143723,-0.3430540030243083,-0.2470167411101718,-0.019410186398030695,Colorectal,Cancer
SRR2143725,-0.333416163538417,-0.16218891332497204,-0.00197153234477675,Colorectal,Cancer
SRR2143726,-0.33909983552569795,-0.2691514729497419,0.010058140087218493,Colorectal,Healthy
SRR2143727,-0.31279301341899324,0.05881849012437197,-0.005815796417954735,Colorectal,Healthy
SRR2143729,-0.3816416891241002,-0.3085470818555107,-0.04424247422664051,Colorectal,Cancer
SRR2143730,-0.39359635825447936,-0.08567354415934737,-0.09481681409964458,Colorectal,Healthy
SRR2143731,-0.39457143661613125,-0.014046351465144857,-0.07702021477465452,Colorectal,Healthy
SRR2143733,-0.38638016170694445,-0.24790028912353143,-0.07437838817292945,Colorectal,Healthy
SRR2143735,-0.3413958094855502,-0.3311771688270634,0.03896152745297763,Colorectal,Cancer
SRR2143736,-0.4041531253024215,0.008620134612850064,-0.019287016081360246,Colorectal,Cancer
SRR2143737,-0.30055736650935555,-0.3006428222216207,0.03514604937795838,Colorectal,Cancer
SRR2143738,-0.3875021153044634,-0.15506516328413125,-0.044780725490279144,Colorectal,Healthy
SRR2143740,-0.38482423071366223,-0.10323024316484056,-0.07827230099096538,Colorectal,Healthy
SRR2143741,-0.33714222852276793,0.004491082139235213,-0.12839523479138598,Colorectal,Cancer
SRR2143742,-0.355759977920486,-0.038067316823174414,-0.07813722561956925,Colorectal,Healthy
SRR2143745,-0.36866033234240764,-0.28186570038787084,-0.03577452562172827,Colorectal,Cancer
SRR2143747,-0.3524148429726277,-0.30723065153506096,0.01836734609892778,Colorectal,Cancer
SRR2143748,-0.36180527744229285,-0.2416568889370682,-0.0805800653481307,Colorectal,Cancer
SRR2143749,-0.35621980238005124,-0.25059597381030957,-0.0733589639982154,Colorectal,Healthy
SRR2143751,-0.282368121974407,-0.27998143451104646,0.08080985674750508,Colorectal,Healthy
SRR2143752,-0.30252480762913225,0.05260660579517514,-0.10965578999854604,Colorectal,Healthy
SRR2143753,-0.36917336519439564,-0.1274493606981361,-0.04788911896930077,Colorectal,Cancer
SRR2143754,-0.3355889814171754,-0.27945217287176416,0.03692893772452367,Colorectal,Healthy
SRR2143755,-0.3219109905054426,-0.26784044047488975,0.040021929406689374,Colorectal,Cancer
SRR2143758,-0.3788339012133831,0.016066163778309304,-0.04734114923124881,Colorectal,Cancer
SRR2143759,-0.3841160308063144,-0.039322353418224175,-0.1371270969070207,Colorectal,Healthy
SRR2143764,-0.3724944025964055,-0.2695520162155854,0.011290265622170403,Colorectal,Healthy
SRR2143765,-0.35588382842990984,-0.0888901564266856,-0.10524925984273989,Colorectal,Cancer
SRR2143767,-0.35541726989078987,-0.3460225304619613,0.026265588512673937,Colorectal,Cancer
SRR2143768,-0.3519512822804773,-0.2283243169280942,-0.07400630591781515,Colorectal,Healthy
SRR2143769,-0.3526068879511663,-0.2906404061778283,0.005917598957745963,Colorectal,Cancer
SRR2143770,-0.37164932082186913,-0.30194610706113206,-0.023613442791096513,Colorectal,Healthy
SRR2143771,-0.38281362497451976,-0.2114151728818231,-0.08115029482232199,Colorectal,Healthy
SRR2143772,-0.40522464939101555,-0.21210878048102344,-0.0535957336280808,Colorectal,Cancer
SRR2143774,-0.3658187279355813,-0.21560068480898784,-0.012253810744854899,Colorectal,Healthy
SRR2143775,-0.37486633472773123,-0.2284468525644303,-0.0053653539080463055,Colorectal,Healthy
SRR2143776,-0.37692793860224755,-0.30869211225975435,-0.02394286184392966,Colorectal,Healthy
SRR2143777,-0.35292842953282805,0.18296386209766702,-0.05734177014633761,Colorectal,Cancer
SRR2143778,-0.4084349367376953,-0.05136510872487323,-0.08736482017334336,Colorectal,Healthy
SRR2143779,-0.4084009291279292,-0.08689207174976922,-0.06759865123315775,Colorectal,Cancer
SRR2143780,-0.3666090408832226,-0.3151458182194568,-0.006516167252660502,Colorectal,Healthy
SRR2143782,-0.3762126870766692,-0.3192635935658113,-0.013705820044741164,Colorectal,Cancer
SRR2143783,-0.28443599437965666,0.002776081813211124,-0.032908081254780425,Colorectal,Healthy
SRR2143784,-0.2544014172232063,0.1345029398537832,0.03993826452801891,Colorectal,Healthy
SRR2143785,-0.4168733892874133,-0.17471387678572983,-0.06690634044842346,Colorectal,Healthy
SRR2143786,-0.3540705709547791,-0.2930728103906923,-0.027935219391893078,Colorectal,Cancer
SRR2143787,-0.34753302926536406,-0.2780759346835356,-0.004702868803862201,Colorectal,Cancer
SRR2143788,-0.3135983332310305,0.08848366841699577,-0.07490722504593109,Colorectal,Healthy
SRR2143790,-0.3863156642704417,-0.2529972023859064,-0.03954181459463615,Colorectal,Cancer
SRR2143791,-0.375744077037606,-0.23971348291802644,-0.04795371578205654,Colorectal,Cancer
SRR2143792,-0.3839467563815504,0.1650128272621051,-0.04769017132032329,Colorectal,Cancer
SRR2143793,-0.39002615046356504,0.15819792454372716,-0.06032881519997767,Colorectal,Cancer
SRR2143794,-0.3645777008256838,-0.10612932539902116,-0.11695716962457814,Colorectal,Cancer
SRR2143795,-0.27784668150376424,-0.2796613915486404,0.09286554672759009,Colorectal,Cancer
SRR2143796,-0.38808838792144756,-0.3143534135726222,-0.010125611099555629,Colorectal,Cancer
SRR2143798,-0.34716910516104676,-0.28005405870613104,0.029203445288499223,Colorectal,Cancer
SRR2143799,-0.36752078727622695,0.08431634092532346,-0.07565282227151866,Colorectal,Cancer
SRR2143529,-0.3442274581077017,0.1129908969593172,-0.042475834106901034,Colorectal,Cancer
SRR2143532,-0.3194377452356497,0.05131099225582447,-0.04773501172213015,Colorectal,Healthy
SRR2143541,-0.34786803508576797,-0.023498169152786512,-0.08299634153309184,Colorectal,Cancer
SRR2143548,-0.1985706523877184,0.04562415053122481,-0.04608903026595437,Colorectal,Cancer
SRR2143550,-0.2909997571529878,0.15309158175844595,-0.08227552222508801,Colorectal,Healthy
SRR2143554,-0.35501790446068626,0.12153677730191897,-0.05715984713702055,Colorectal,Cancer
SRR2143561,-0.34738295792689367,-0.09483349656307843,-0.06593826687233585,Colorectal,Healthy
SRR2143563,-0.3928065203922635,-0.09904178049897916,-0.0901698500646488,Colorectal,Cancer
SRR2143566,-0.38842826587589896,-0.005058890743339773,-0.1242924337035364,Colorectal,Cancer
SRR2143570,-0.35631308276812645,-0.21744207515124667,-0.020977598422057597,Colorectal,Healthy
SRR2143575,-0.33807865827071987,0.06592508248335409,-0.08678145533213777,Colorectal,Cancer
SRR2143577,-0.364470207664672,-0.04239662529149313,-0.09943438263957692,Colorectal,Cancer
SRR2143579,-0.3611413834921107,-0.15550374941890074,-0.10657282428544557,Colorectal,Cancer
SRR2143581,-0.37810713853687117,-0.12727825852107016,-0.08658020961600842,Colorectal,Healthy
SRR2143586,-0.1808041885431263,-0.017348569434145502,0.005452049309621994,Colorectal,Cancer
SRR2143588,-0.2752869096206323,-0.09074940550159116,-0.08534663358018528,Colorectal,Cancer
SRR2143590,-0.33133504885217435,0.1016594273639186,-0.10962904979740892,Colorectal,Cancer
SRR2143592,-0.37618346407660364,-0.05710584912724396,-0.04139578851405763,Colorectal,Healthy
SRR2143596,-0.3672484129396026,-0.0980570103821867,-0.13637569591730284,Colorectal,Healthy
SRR2143599,-0.3314052726711605,0.0907283304983103,-0.02990321076567252,Colorectal,Healthy
SRR2143601,-0.3070376879897806,-0.02667833744335108,-0.08311969876020042,Colorectal,Cancer
SRR2143603,-0.28744110533867573,-0.05568629675573562,-0.03332716403875115,Colorectal,Healthy
SRR2143606,-0.33079555622166085,-0.15425002336351934,-0.05198873083111743,Colorectal,Cancer
SRR2143613,-0.3180402928320299,0.03676282015622898,-0.06083276893511403,Colorectal,Healthy
SRR2143616,-0.339444701025521,-0.17455573381828962,-0.031030729165402383,Colorectal,Healthy
SRR2143620,-0.3789335854421464,0.04152999980882542,-0.07185868537965896,Colorectal,Cancer
SRR2143628,-0.4225076361949948,-0.05304599703893114,-0.04909432131760288,Colorectal,Healthy
SRR2143631,-0.3255705278016517,-0.033995265030179564,-0.05262229802788727,Colorectal,Cancer
SRR2143632,-0.35423228175583754,-0.021106690631805165,-0.1321551127326762,Colorectal,Cancer
SRR2143635,-0.2989682185264147,-0.02136363343430105,-0.1414046612451035,Colorectal,Healthy
SRR2143639,-0.2521862360609178,0.046309082622918434,-0.08951576381212206,Colorectal,Healthy
SRR2143645,-0.35534298882400145,0.20213513526946855,-0.004226464463081386,Colorectal,Cancer
SRR2143649,-0.25334224093311686,-0.03945402365699305,-0.04246617115524084,Colorectal,Healthy
SRR2143655,-0.35968296720069387,0.1248604116661379,-0.026664317180747875,Colorectal,Cancer
SRR2143658,-0.3458533935306498,0.06328834589427602,-0.1267834468406214,Colorectal,Healthy
SRR2143660,-0.32188090220381244,0.029101754654874416,-0.13024980399816977,Colorectal,Cancer
SRR2143673,-0.36520818070635014,-0.06846177932128197,-0.07936608860274981,Colorectal,Cancer
SRR2143674,-0.28114524426335463,0.06129973567851173,-0.030557846176287574,Colorectal,Healthy
SRR2143675,-0.31879061669196496,-0.1059864447206595,-0.035387970445817464,Colorectal,Cancer
SRR2143676,-0.3326021268076889,-0.09673384390142756,-0.045187773676883744,Colorectal,Cancer
SRR2143684,-0.2843032735828887,0.09847962328462255,-0.027271300179126743,Colorectal,Healthy
SRR2143688,-0.3543444273052581,-0.2103786031132056,-0.11037156495316043,Colorectal,Cancer
SRR2143690,-0.34760289329978183,-0.21204121437381274,-0.04431016378563463,Colorectal,Cancer
SRR2143701,-0.2352310732827727,0.05247017514862293,0.07159934632863203,Colorectal,Healthy
SRR2143702,-0.34166798645172286,0.03921149790484049,-0.09263829843596874,Colorectal,Cancer
SRR2143707,-0.29066189395702346,-0.19423746387305377,0.010468197516146756,Colorectal,Healthy
SRR2143708,-0.2878467433946309,-0.1541717857950152,-0.004888763585464085,Colorectal,Healthy
SRR2143710,-0.39883164553593736,-0.16503172219101608,-0.09586793864765872,Colorectal,Healthy
SRR2143712,-0.34246602442186264,-0.021050770981273576,-0.09419371123523156,Colorectal,Cancer
SRR2143714,-0.3071250937982728,-0.06548678680730714,-0.10128631855460112,Colorectal,Healthy
SRR2143718,-0.28430546352399727,-0.01646208729157479,-0.04446146737779972,Colorectal,Cancer
SRR2143719,-0.33475310986635065,0.061730661423161255,-0.1019523006189085,Colorectal,Healthy
SRR2143720,-0.32964859253794604,0.10113199335740025,-0.053494762699012266,Colorectal,Healthy
SRR2143721,-0.33989152979244974,-0.15224541597677177,-0.11827981768529995,Colorectal,Healthy
SRR2143724,-0.03924454048459433,0.07513721391658447,-0.09856520156584744,Colorectal,Healthy
SRR2143728,-0.31674696686352477,-0.055205187496763494,-0.09153879187614815,Colorectal,Cancer
SRR2143732,-0.36703395949168605,-0.24685886780547778,-0.06761288029615423,Colorectal,Healthy
SRR2143734,-0.3663155777225439,0.009377240380084553,-0.0444199492108123,Colorectal,Healthy
SRR2143739,-0.3630587312406968,0.13329653429709612,-0.07869873931165101,Colorectal,Cancer
SRR2143743,-0.19818192193405537,0.07277220271831038,0.0640242420091951,Colorectal,Healthy
SRR2143744,-0.23983327650850117,0.09501803369736149,-0.005083972278919073,Colorectal,Healthy
SRR2143746,-0.2940234240189545,-0.28003714095377186,0.011584607483938466,Colorectal,Cancer
SRR2143750,-0.22626676520538824,-0.07100781753586181,0.035093279582875045,Colorectal,Healthy
SRR2143756,-0.32421226415063087,0.11115949593743124,-0.08111590086370514,Colorectal,Healthy
SRR2143757,-0.34094552188670596,-0.09064144556781965,-0.047087659436970575,Colorectal,Healthy
SRR2143760,-0.3718977571823425,-0.03314677063768833,-0.03819309592302494,Colorectal,Cancer
SRR2143761,-0.23361390923310982,0.1924159660236309,0.04541324291629122,Colorectal,Healthy
SRR2143762,-0.269028546771066,0.1104911795279082,0.04497756104372906,Colorectal,Healthy
SRR2143763,-0.24844668561227826,0.19778423150639257,0.029373121980352232,Colorectal,Cancer
SRR2143766,-0.3196280158430259,0.1598573463051891,-0.07437997044014373,Colorectal,Healthy
SRR2143773,-0.32426138200033716,0.09297855059119152,-0.07351209958305077,Colorectal,Healthy
SRR2143781,-0.26485171800021656,-0.12947719521818257,-2.144352200173756e-05,Colorectal,Healthy
SRR2143789,-0.3012234503971541,0.18285251669898492,-0.06690123606367974,Colorectal,Healthy
SRR2143797,-0.3976143141299022,-0.0999894086578097,-0.08048728250594603,Colorectal,Cancer
SRR2143800,-0.2889557075710512,-0.02732183915790125,-0.07019396134157431,Colorectal,Cancer
SRR2143801,-0.25807190212008946,0.002196293291097487,-0.05673688114803989,Colorectal,Cancer
SRR2143594,-0.011185088207074631,-0.027469118269247764,0.20370181651505048,Colorectal,Healthy
SRR2143678,-0.011967801413573386,-0.028438711039294632,0.20163255298612753,Colorectal,Healthy
SRR2143571,-0.00499212535728917,-0.030066517703489247,0.18592270728815496,Colorectal,Healthy
SRR2143625,-0.011498792144045712,-0.02758162296681089,0.20350250568503023,Colorectal,Cancer
SRR2143715,-0.011369770827961964,-0.027671866061235072,0.2033459345305481,Colorectal,Cancer
SRR12478625,0.45012451362861516,-0.023814271411730474,-0.24406186406546018,Breast,Cancer
SRR12478626,0.42951600647122007,0.0410079248997168,-0.2420401497881384,Breast,Cancer
SRR12478627,0.46465266383599263,-0.11700215282847053,-0.19809385762263798,Breast,Healthy
SRR12478628,0.08336559212628415,0.38856593175328685,-0.07046814280557222,Breast,Healthy
SRR12478629,0.019037280795811642,0.30830622470325325,-0.03380517973682831,Breast,Healthy
SRR12478630,0.10634604889044573,0.4639334807118641,-0.05998617473086128,Breast,Cancer
SRR12478631,0.3683850098409177,-0.005002280763831041,-0.21453876701941382,Breast,Healthy
SRR12478632,0.4577981073763252,-0.08724131660625577,-0.20537600267570041,Breast,Healthy
SRR12478633,0.45283458452834296,-0.05331993273907584,-0.21166861291724187,Breast,Healthy
SRR12478634,0.2945961522161129,0.18902972430183648,-0.1953331097157798,Breast,Healthy
SRR12478635,-0.05943267444786786,0.44112392932101246,0.30880292853087254,Breast,Cancer
SRR12478636,-0.1126659205013466,0.4410666872632929,0.1701587421894274,Breast,Cancer
SRR12478637,-0.004575148374492249,0.3297213976223159,0.11996270135709627,Breast,Cancer
SRR12478638,0.42446291453380813,0.009380902070334311,-0.20820684136948603,Breast,Cancer
SRR12478639,-0.0773782342481813,0.4541401484648755,0.21654729896558467,Breast,Cancer
SRR12478640,0.42487155992798264,-0.09842486760475669,-0.21183292542126486,Breast,Healthy
SRR12478641,0.2866629072748061,0.2620729345314086,-0.16369348321755178,Breast,Cancer
SRR12478643,0.44373849588598374,-0.021518304777890213,-0.2200816524105017,Breast,Healthy
SRR12478644,0.4161510597865775,-0.009885133918367414,-0.24808180296702917,Breast,Healthy
SRR12478645,0.46280811979092895,-0.07675428145621237,-0.2194607939359316,Breast,Cancer
SRR12478646,-0.07038766166372726,0.5235365996249031,0.10443565194473521,Breast,Cancer
SRR12478647,0.44065356140668327,-0.031383524014498274,-0.21103952435948475,Breast,Healthy
SRR12478648,0.4499533782609857,-0.044337476176134934,-0.22161503704276211,Breast,Cancer
SRR12478649,0.43813454298831456,-0.00016148281324811572,-0.2075531159781323,Breast,Healthy
SRR12478650,-0.052734369862565696,0.5267661606956775,-0.008657081402077337,Breast,Healthy
SRR12478651,0.4072065314506891,0.03610027272719001,-0.18164144573153593,Breast,Healthy
SRR12478652,0.4013485578681096,0.08253974070474242,-0.2107844762773949,Breast,Cancer
SRR12478653,0.2549315153528961,0.16824958776987525,-0.1412986178797052,Breast,Healthy
SRR12478654,0.4672218658383345,-0.10792293490628328,-0.1947005224177708,Breast,Healthy
SRR12478655,-0.007694127573951118,-0.03469996419527558,0.17894133245368188,Breast,Healthy
SRR12478656,0.46228787162803947,-0.06238448876652098,-0.2425903958625228,Breast,Cancer
SRR12478657,-0.09250732217523311,0.45284126794958196,0.1703019056823947,Breast,Cancer
SRR12478658,0.4009139226765931,-0.07319363815143702,-0.2268132071876061,Breast,Healthy
SRR12478659,0.012062742276693452,-0.017779304108998473,0.1696487746198805,Breast,Cancer
SRR12478660,-0.039854928075277435,0.494206469351361,-0.02659193667894955,Breast,Cancer
SRR12478661,0.11975054059571653,0.24856068793581962,-0.08389678461007594,Breast,Cancer
SRR12478662,0.4618444107571488,-0.06422293130342663,-0.23206500866019905,Breast,Healthy
SRR12478663,-0.06089623430376647,0.44940806458263727,-0.06156893012545867,Breast,Healthy
SRR12478664,0.507478373964457,-0.18295098393446307,-0.17965687140150557,Breast,Cancer
SRR12478665,-0.0503503904601561,0.4985164118442434,-0.04288198290295512,Breast,Healthy
SRR12478667,0.434998589350024,-0.028278219266359768,-0.19143149693259953,Breast,Healthy
SRR12478668,0.4660143238586926,-0.07124830738867584,-0.2022365289430347,Breast,Healthy
SRR12478669,0.06142965826598104,0.11916222224197778,-0.0078486522897819,Breast,Cancer
SRR12478670,-0.05669066111011679,0.48981631072817394,-0.010514129182293924,Breast,Healthy
SRR12478671,0.46506166685449213,-0.12057350230504403,-0.20725295625913503,Breast,Healthy
SRR12478672,0.4241361590962013,0.009934252617003772,-0.20870012842699368,Breast,Cancer
SRR12478674,0.43893911851986933,-0.020884246836360622,-0.21118862269289845,Breast,Cancer
SRR12478675,0.46487032740659584,-0.0884229736342859,-0.2094414733991902,Breast,Cancer
SRR12478676,0.43966507470643257,-0.04348751506875625,-0.23149733748325113,Breast,Healthy
SRR12478677,0.46619993521940983,-0.11030854818179324,-0.20524058413182877,Breast,Healthy
SRR12478678,0.339633507129687,0.11395038689590524,-0.203786010037367,Breast,Cancer
SRR12478679,0.2950138450794828,0.15811748920380278,-0.18872731170818913,Breast,Healthy
SRR12478680,0.3759666034193354,0.09224523111387471,-0.21622359215903642,Breast,Cancer
SRR12478681,0.40624501850079536,-0.009954953499065002,-0.21864859545307747,Breast,Healthy
SRR12478682,0.3962531359110877,0.045990601073016224,-0.21083673167952866,Breast,Cancer
SRR12478683,-0.05061044006327714,0.4764802620778687,-0.04571835034317887,Breast,Cancer
SRR12478684,0.4596875519791946,-0.038361095014543184,-0.2202996824588118,Breast,Healthy
SRR12478685,0.06255674517019125,0.48207429547530983,-0.0415681870012106,Breast,Healthy
SRR12478686,0.453299440633735,-0.08711611873957738,-0.21135317579751084,Breast,Healthy
SRR12478687,0.16735008689289532,0.3636477215802176,-0.08782230080452001,Breast,Cancer
SRR12478688,0.45002296186342017,-0.047086850405554395,-0.21977777227646317,Breast,Cancer
SRR12478689,0.34425447948193866,0.12952483016196306,-0.17061616650182973,Breast,Healthy
SRR12478690,0.03858555577386685,0.0788495657748012,0.019299424514896156,Breast,Healthy
SRR12478691,-0.011187023931855243,-0.054033996969902715,0.23569261621371473,Breast,Healthy
SRR12478692,-0.047325279027389186,0.4886802278472688,-0.007792692130110226,Breast,Cancer
SRR12478693,0.4232716823583016,-0.02183792439468228,-0.22233822653244664,Breast,Healthy
SRR12478694,0.17292166321340385,0.2241758794141372,-0.09732305342074855,Breast,Healthy
SRR12478695,0.4551404530039874,-0.08308225468927499,-0.20389391118310846,Breast,Cancer
SRR12478696,0.3898685360189869,0.056792571063394144,-0.24804455198332273,Breast,Cancer
SRR12478697,-0.07582919785353931,0.4818388391922742,-0.05822682656833751,Breast,Cancer
SRR12478699,0.4492709276695591,-0.060189742179356895,-0.23263231293028797,Breast,Cancer
SRR12478700,-0.10535185910959484,0.47422231561537626,0.022097994343641764,Breast,Healthy
SRR12478701,0.42309115719128915,-0.045014441650275176,-0.23635712643702167,Breast,Cancer
SRR12478702,0.2017405371565383,0.2353492721520095,-0.12651139844371248,Breast,Healthy
SRR12478703,0.08035635934697286,0.38351037017617656,-0.053748285110445805,Breast,Cancer
SRR12478704,-0.08601139869093988,0.4730711227395558,0.039872442362501696,Breast,Cancer
SRR12478705,-0.08884987687123544,0.521753468879478,-0.0376343787705578,Breast,Cancer
SRR12478706,0.4746504086903863,-0.13295967075441656,-0.19693232771225988,Breast,Cancer
SRR12478707,0.36342018155708716,0.08943563874639572,-0.1550863423086221,Breast,Cancer
SRR12478708,-0.07701789116482252,0.5077065391993831,-0.00247652429891717,Breast,Cancer
SRR12478709,0.27543409596247226,0.20864888495118195,-0.1925039036303642,Breast,Cancer
SRR12478710,0.036216296140218374,0.21462078746234167,0.017241673371007963,Breast,Cancer
SRR12478711,0.14471823291584346,0.18171523983864216,-0.08136191655549932,Breast,Cancer
SRR12478712,0.3626512466539848,0.09410136131612708,-0.19941600949573834,Breast,Healthy
SRR12478713,-0.05974453130668452,0.4287579926005247,-0.037622470546557894,Breast,Healthy
SRR12478714,-0.02815955776717078,-0.04020059064079817,0.1733411240400746,Breast,Healthy
SRR12478715,0.41591534300164,0.027248235264556206,-0.23139529452826332,Breast,Healthy
SRR12478716,0.3790013796251397,0.07540926515012701,-0.23764381634527482,Breast,Cancer
SRR12478717,0.3246933782056643,-0.09449425401179334,0.04977623980349172,Breast,Cancer
SRR12478718,-0.0746399216539696,0.5324537983641667,0.02237310244936706,Breast,Cancer
SRR12478719,0.45604773687623174,-0.04554508714978561,-0.2199784504340966,Breast,Healthy
SRR12478720,0.33879315786554165,0.06306596084650246,-0.1781151766331056,Breast,Healthy
SRR12478721,0.4081481594024728,-0.013377856073794766,-0.2375720018262408,Breast,Cancer
SRR12478722,-0.09368840995114025,0.43295290200962405,0.20199959127772574,Breast,Cancer
SRR12478723,0.3397796027463016,0.09844340549028664,-0.22801999446772503,Breast,Cancer
SRR12478724,0.4448173881683011,-0.0852482930864542,-0.23967163411488995,Breast,Cancer
SRR12478725,0.4516999866031087,-0.046027421524481735,-0.22912039298303466,Breast,Cancer
SRR12478726,-0.04424150924361563,0.5188673322456779,-0.01962483968767286,Breast,Cancer
SRR12478727,0.3984095143414188,0.025992862735619113,-0.183554985674307,Breast,Cancer
SRR12478728,-0.0012499541611153565,0.36828422481770556,-0.05355308239373245,Breast,Healthy
SRR12478729,0.006689391124953557,0.29534281779610266,-0.026778744139965425,Breast,Healthy
SRR12478730,0.2042745611900962,0.3039239974306143,-0.14471448379355092,Breast,Cancer
SRR12478731,-0.0036287489288173644,0.4294551064883078,-0.04642088296619205,Breast,Healthy
SRR12478732,0.3197726937789864,0.07456052506050352,-0.16025788120426804,Breast,Healthy
SRR12478733,0.42424907438058596,-0.053366817106991996,-0.22796464317062298,Breast,Healthy
SRR12478734,0.33437231133554735,0.0887779549423658,-0.21921321370028704,Breast,Cancer
SRR12478735,-0.07704592758564495,0.4718534878146006,0.15920189863985632,Breast,Cancer
SRR12478736,0.03709542708966225,0.13605920048042322,0.005938031193995584,Breast,Cancer
SRR12478737,-0.04559081938397499,0.38936150123670976,0.42869528433853205,Breast,Cancer
SRR12478738,-0.06534108528313066,0.4562457646687502,0.18770803711368528,Breast,Cancer
SRR12478739,0.2925563935502723,0.2732045848686147,-0.191783898204735,Breast,Healthy
SRR12478740,0.3971994178375495,-0.06638402968529859,-0.23591083898161153,Breast,Cancer
SRR12478741,0.45237336295758357,-0.07452167197554395,-0.23278382887323396,Breast,Cancer
SRR12478742,-0.06175847622176278,0.5375289064847834,0.03407958800292216,Breast,Cancer
SRR12478743,-0.06764551344707966,0.53985653951095,0.0246697248568292,Breast,Cancer
SRR12478744,0.1667826416878825,0.38273168518690337,-0.002940286207236077,Breast,Cancer
SRR12478745,0.4739480603774788,-0.11348186846159089,-0.24571578079307158,Breast,Cancer
SRR12478746,-0.05431269906625059,0.5374862675105577,0.051476616881351876,Breast,Cancer
SRR12478747,0.16531720875604008,0.26496745138886485,-0.08462025280426723,Breast,Cancer
SRR12478748,0.3736854024253812,0.08154284773911591,-0.18653936261979376,Breast,Healthy
SRR12478749,-0.06569019426668382,0.51008586087005,-0.023809376264672947,Breast,Cancer
SRR12478750,-0.02487734062240817,0.41581395639890045,0.395790712533177,Breast,Cancer
SRR12478751,-0.07014160956537131,0.459442495796102,0.29392782563521563,Breast,Cancer
SRR12478752,-0.03753069338034265,0.496279012948419,0.16169260764592253,Breast,Cancer
SRR12478753,-0.06177896279825878,0.5140487744207246,0.012258729846732928,Breast,Cancer
SRR12478754,0.36835627797638953,0.13442399826646342,-0.23388547831669557,Breast,Cancer
SRR12478755,0.35483660449880167,0.13231822522848308,-0.2277013189031594,Breast,Cancer
SRR12478756,-0.07628344341697167,0.5473963164972664,0.024916725984548593,Breast,Cancer
SRR12478757,-0.04439517542868512,0.5086525991603775,0.12269510029529077,Breast,Cancer
SRR12478758,0.2740879375158149,0.24148052203016726,-0.1930271741326974,Breast,Cancer
SRR12478759,0.4835341873707505,-0.14942153078522438,-0.17923241346380395,Breast,Cancer
SRR12478760,0.4546600372353731,-0.08497240978656372,-0.24340192636231103,Breast,Cancer
SRR12478761,-0.03462295656555593,0.4437367090810811,-0.04466603206742028,Breast,Cancer
SRR12478762,-0.08197809934924224,0.4576790897890975,0.21718460381687185,Breast,Cancer
SRR12478763,-0.04151725259823648,0.3559886753245665,-0.01734361248527005,Breast,Cancer
SRR12478764,0.47155194881719414,-0.13172585300132272,-0.20248108633677356,Breast,Cancer
SRR12478765,0.49897112038978814,-0.17286329362594033,-0.1774345473820183,Breast,Cancer
SRR12478766,0.4383684098626774,-0.008458235700151527,-0.23729150019119122,Breast,Cancer
SRR12478767,0.08291776487636782,0.4306354631181575,-0.03525946098131631,Breast,Cancer
SRR12478768,-0.0696974648587202,0.5126119430844731,-0.04466505988354242,Breast,Cancer
SRR12478769,0.36997892056772286,0.04235629613127975,-0.15865956422724495,Breast,Healthy
SRR12478770,0.43441686721918565,-0.07325993257807613,-0.2167593222489588,Breast,Cancer
SRR12478771,0.06266447395167377,0.3815674123772464,-0.08002206053442591,Breast,Healthy
SRR12478772,0.2632588859652498,-0.006004949279404917,-0.09404093031318028,Breast,Cancer
SRR12478773,0.4668521291496167,-0.07162585850170358,-0.21493495270864615,Breast,Cancer
SRR12478774,0.4616470351945643,-0.10551801399736349,-0.20540639831096427,Breast,Healthy
SRR12478775,-0.08188483579071415,0.44788675501250924,0.26075621372871927,Breast,Cancer
SRR12478776,0.43563892512663405,-0.023268690436610683,-0.22753006227776146,Breast,Cancer
SRR12478777,0.18570874656312958,0.3074297882547657,-0.10449702570454525,Breast,Cancer
SRR12478778,-0.04741872422653691,0.031285895848045406,0.027291755402460413,Breast,Cancer
SRR12478779,0.40134742139968643,0.0435262902070015,-0.2095272219527175,Breast,Healthy
SRR12478780,0.41092107340289374,0.06521237041157922,-0.1928313140190637,Breast,Healthy
SRR12478782,0.43422631947116375,-0.01623132047668168,-0.21966719996780298,Breast,Cancer
SRR12478783,0.2963734358185804,0.11909927412745236,-0.15408849888643938,Breast,Cancer
SRR12478784,0.36235635560495144,0.08949840718991621,-0.24631530538569724,Breast,Cancer
SRR12478785,0.24496324940640551,0.1590161471865595,-0.11681377762667132,Breast,Cancer
SRR12478786,0.42470733125892024,0.002346364346420812,-0.1849960973312821,Breast,Healthy
SRR12478787,0.06019337681374858,0.4367051835433037,0.005089819236276866,Breast,Healthy
SRR12478788,0.4567178097595449,-0.05308382547253112,-0.21103511139169687,Breast,Cancer
SRR12478789,0.45032814396491205,-0.056890428300475054,-0.21302800602814262,Breast,Healthy
SRR12478790,0.44014749750932575,-0.08247075196472246,-0.21748460575502981,Breast,Healthy
SRR12478791,0.34366600712499806,0.10227371731975535,-0.18133721963055666,Breast,Healthy
SRR12478792,0.4561243607906573,-0.09518555543338973,-0.20977602522998842,Breast,Healthy
SRR12478793,-0.02247980743712739,0.15020694602732368,-0.042382568587636726,Breast,Cancer
SRR12478794,0.4512738407881573,-0.0721733814285927,-0.21497330301429518,Breast,Healthy
SRR12478795,0.38073651588885266,0.07308404675386632,-0.2500274123830648,Breast,Cancer
SRR12478796,0.3475690981941627,0.09393894763202702,-0.16797214415136325,Breast,Healthy
SRR12478797,0.42065936284124256,0.017151500313765812,-0.20338969792427986,Breast,Cancer
SRR12478798,-0.07628173243376997,0.45732547128264395,0.2019769466648793,Breast,Cancer
SRR12478799,0.44568437187827437,-0.10886991058710523,-0.21743135558951848,Breast,Healthy
SRR12478800,0.45972311232144536,-0.097701185602938,-0.21708085107820424,Breast,Cancer
SRR12478801,0.23174127100650593,0.10109856741462907,-0.15218074251682606,Breast,Healthy
SRR12478802,0.21867171484999967,0.1749409825032051,-0.0713872268737608,Breast,Healthy
SRR12478803,-0.07135247903179788,0.5265719117134476,0.029794485096552685,Breast,Cancer
SRR12478804,0.4234014871370784,0.006472433898130838,-0.21447140734716177,Breast,Healthy
SRR12478805,-0.08987987526805818,0.45409024743253235,-0.0499655311860258,Breast,Cancer
SRR12478806,0.4649946104179595,-0.10675604415227544,-0.23056257597082291,Breast,Cancer
SRR12478807,0.3556964855496894,0.1947937985071938,-0.12001596539377107,Breast,Cancer
SRR12478808,0.306660695089029,0.26557682644541647,-0.1435926591317806,Breast,Cancer
SRR12478809,0.3637373765420688,0.09883384935139249,-0.19508515481054917,Breast,Cancer
SRR12478810,-0.0607537378287454,0.2524492190584818,0.332309688650525,Breast,Cancer
SRR12478811,0.4456605282792751,-0.08760531917538328,-0.1985706188113474,Breast,Cancer
SRR12478812,0.2621975039161007,0.2331042418486407,-0.19339759292828518,Breast,Cancer
SRR12478813,0.2657762216691608,0.29634428340682933,-0.17312949623701068,Breast,Cancer
SRR12478814,-0.07597234424996165,0.419307954509543,0.24527312330018244,Breast,Cancer
SRR12478815,-0.08123829245093657,0.47849610131748976,0.17005191027464236,Breast,Cancer
SRR12478816,0.2694609046875268,0.3150197687869425,-0.16672193669144572,Breast,Cancer
SRR12478817,-0.0808665313740513,0.47631656689285157,0.1427529456369201,Breast,Cancer
SRR12478818,0.46057572559539,-0.08021935445754931,-0.22081882265589284,Breast,Healthy
SRR12478819,-0.12608930127117599,0.4553154770329905,0.026727339551566014,Breast,Cancer
SRR12478820,-0.035001796691900205,0.5000054139494527,-0.00778501286059955,Breast,Cancer
SRR12478821,-0.060111232214515996,0.5035675349383312,-0.018944487326424682,Breast,Cancer
SRR12478822,-0.062327332425188134,0.4323348396613567,-0.034330701929921374,Breast,Cancer
SRR12478823,0.1536474495552381,0.336357754862372,-0.06333845436954887,Breast,Cancer
SRR12478824,0.43365132622273395,-0.020907057347914138,-0.25317534447574,Breast,Cancer
SRR12478825,-0.08319615862681973,0.485191090296134,0.1130093961487174,Breast,Cancer
SRR12478826,-0.09356577181954917,0.44567088791963566,0.20372147319362272,Breast,Cancer
SRR12478827,0.2988041627525633,0.15691403897887388,-0.2096435883732026,Breast,Healthy
SRR12478828,-0.04905540037379334,0.4276079778485289,-0.035286699532973906,Breast,Cancer
SRR12478829,0.1841629648057464,0.14894918363804746,-0.14925696836538704,Breast,Cancer
SRR12478830,0.37719014043987714,0.025061884014933113,-0.21139333831285184,Breast,Cancer
SRR12478831,0.4082512701744646,-0.13564100032042067,0.08099391650113855,Breast,Cancer
SRR12478832,0.5164817641903995,-0.18627969882994122,-0.09915918848771894,Breast,Cancer
SRR12478833,0.36830440588748775,-0.10424629990006229,0.2569639499125628,Breast,Cancer
SRR12478834,0.1254633745908009,-0.056785320711611284,0.6007386092974675,Breast,Cancer
SRR12478835,0.03172948103720434,0.09912979465098207,0.45626443047670867,Breast,Cancer
SRR12478836,0.5006581936352353,-0.16495604901553115,0.02629849987815828,Breast,Cancer
SRR12478837,0.5141683566830955,-0.16435153794373591,0.06586201272654697,Breast,Cancer
SRR12478838,0.4772550049300431,-0.1326751213150181,0.19935366970689433,Breast,Healthy
SRR12478839,0.4525781000804067,-0.12490320747013982,0.24978572843776442,Breast,Healthy
SRR12478840,0.03482039000774474,0.07350845102747347,0.555602714067155,Breast,Cancer
SRR12478841,0.2403776987504503,-0.0638254470239145,0.3263454173273677,Breast,Healthy
SRR12478842,0.5206012650517808,-0.18122263013848827,-0.046355445332819524,Breast,Cancer
SRR12478843,0.5201124447080929,-0.16137867862588087,-0.01911209918367482,Breast,Cancer
SRR12478844,0.5185794494875489,-0.18525325292688338,-0.11250277965592029,Breast,Healthy
SRR12478845,0.15689382092258491,-0.06846649804116073,0.5362141538321292,Breast,Healthy
SRR12478847,0.5051793536355136,-0.17572043800572382,-0.12423186066128818,Breast,Healthy
SRR12478848,0.49956256434105567,-0.14426810696289546,0.14520862332738374,Breast,Cancer
SRR12478849,0.3016925580791465,-0.08727807203146679,0.4632400014984159,Breast,Healthy
SRR12478850,0.5198207521486174,-0.17214114034517594,0.07007461854649595,Breast,Healthy
SRR12478851,0.48397014763934726,-0.13158836998090803,0.16363076818778377,Breast,Cancer
SRR12478852,0.5000011703363119,-0.16176996902005722,0.09038870181623863,Breast,Cancer
SRR12478853,0.14114476802982873,-0.06685118809074538,0.5977680821397312,Breast,Healthy
SRR12478854,0.4997653062937852,-0.15243093819367468,0.10423525391135023,Breast,Cancer
SRR12478855,0.16200160464022942,-0.09260661173405546,0.5965419738307802,Breast,Healthy
SRR12478856,0.44437851302297693,-0.14338314013253015,0.14650719092757286,Breast,Cancer
SRR12478857,0.4060976079602217,-0.12252150934205187,0.21476002088898705,Breast,Cancer
SRR12478858,0.5221838648005009,-0.17784840380977635,-0.08438009078339201,Breast,Healthy
SRR12478859,0.12998237687068487,-0.09341839979535967,0.5800064335300812,Breast,Cancer
SRR12478860,0.29416693906981245,-0.08581003513486428,0.4681240504859258,Breast,Cancer
SRR12478861,0.524500822110096,-0.17527465816407758,0.01514794970366017,Breast,Healthy
SRR12478862,0.13789450401802672,-0.04294008371524201,0.5079592568729996,Breast,Healthy
SRR12478863,0.52442524377082,-0.17422684550960693,-0.0030485025279017083,Breast,Healthy
SRR12478864,0.2363385866921046,-0.08194903410268022,0.22318883919017854,Breast,Cancer
SRR12478865,0.5125245846133101,-0.1708836131540265,0.03566704485873882,Breast,Cancer
SRR12478866,0.14055251371680008,-0.05050233174788994,0.5885933652782148,Breast,Healthy
SRR12478867,0.24249413711046175,-0.08568685990378264,0.5067651197465913,Breast,Cancer
SRR12478868,0.5318485368268581,-0.1825554092447705,0.006654075256801409,Breast,Healthy
SRR12478869,0.1632561263676258,-0.09444768818984597,0.5878124871042721,Breast,Cancer
SRR12478870,0.5239576200534475,-0.1754652953345485,0.02118224429787138,Breast,Cancer
SRR12478871,0.20991610851356335,-0.09604521573849496,0.49466842174520315,Breast,Cancer
SRR12478872,0.4625111635407371,-0.121373369607414,0.16187679603942365,Breast,Healthy
SRR12478873,0.14468842902018247,-0.07316680785113357,0.5305137545061812,Breast,Healthy
SRR12478874,0.35090783758748684,-0.10182615443939158,0.33444850573460594,Breast,Healthy
SRR12478875,0.1217868274086412,-0.06627217211210706,0.6007120716124686,Breast,Cancer
SRR12478876,0.4780536447950554,-0.1593820457898607,0.11089229137929482,Breast,Healthy
SRR12478877,0.5244143919321697,-0.1740500924756131,0.09010076458475978,Breast,Cancer
SRR12478878,0.061087413467761656,-0.09852863435536763,0.3908437804258285,Breast,Cancer
SRR12478879,0.5263137129383889,-0.18097496598693877,-0.07597683597169971,Breast,Healthy
SRR12478880,0.35337650977306717,-0.14430258473813584,0.26712148713643524,Breast,Healthy
SRR12478881,0.5233806117534092,-0.17393760174354791,0.012400804912598208,Breast,Healthy
SRR12478882,0.14209994387488112,-0.08619058256428717,0.607473225644351,Breast,Cancer
SRR12478883,0.38693892783019473,-0.09734867019430879,0.20119566140087752,Breast,Healthy
SRR12478884,0.5200693079570247,-0.17525176033454234,-0.08301037940489028,Breast,Cancer
SRR12478885,0.4780010434933201,-0.11854241841384151,0.08941977355896935,Breast,Cancer
SRR12478886,-0.09146399430603804,0.46686442877857115,0.17714473670348885,Breast,Cancer
SRR12478887,0.5016965363755165,-0.1630037034672276,0.0727359009896302,Breast,Healthy
SRR12478888,0.3935500530140217,-0.11548670109135388,0.31213800695751387,Breast,Healthy
SRR12478889,0.4757348242877566,-0.1437585046447477,0.19440328544891594,Breast,Cancer
SRR12478890,0.4271198386233281,-0.13128685459687717,0.2377502626563743,Breast,Cancer
SRR12478891,0.21657100585220143,-0.07542767906031723,0.13127698212023692,Breast,Cancer
SRR12478892,0.5208959294188878,-0.1860031080051117,-0.09772110498222507,Breast,Healthy
SRR12478893,0.054918402320085984,0.17035951887867345,0.49671304554807777,Breast,Cancer
SRR12478894,0.13290162054379281,-0.07102509142058692,0.6126907417036201,Breast,Healthy
SRR12478895,0.4974412025343518,-0.14934197806003827,0.09964567868644277,Breast,Healthy
SRR12478896,0.17250564845398927,-0.07644923291616816,0.5629560444379267,Breast,Healthy
SRR12478897,-0.04911637561442769,0.28685907535081556,0.4210995202596671,Breast,Cancer
SRR12478898,0.5196353893614719,-0.18250226884965645,-0.0550919263217207,Breast,Cancer
SRR12478899,0.5174100555399475,-0.18220559488138247,-0.11670988895235182,Breast,Healthy
SRR12478900,0.47435509526733033,-0.15715434350111218,0.10484186954964024,Breast,Cancer
SRR12478901,0.39241445758137566,-0.12067262290448737,0.2770297450261153,Breast,Healthy
SRR12478902,0.5248339500171301,-0.18504403053480825,-0.035544794485993826,Breast,Healthy
SRR12478903,0.5195650859236556,-0.1755998157718941,-0.08133407211983726,Breast,Healthy
SRR12478904,0.06810499104169952,0.009489396498397376,0.5530169343909125,Breast,Cancer
SRR12478905,0.4479867938817141,-0.10740151526161265,0.19088555198818763,Breast,Healthy
SRR12478906,0.4694846044952265,-0.14775282378023688,0.13749629847407419,Breast,Cancer
SRR12478907,0.16211829770933847,-0.06783980274001913,0.5211543979325852,Breast,Cancer
SRR12478908,0.48355607001085366,-0.1597823408051696,0.0853172054082753,Breast,Healthy
SRR12478909,0.14004788371233115,-0.0796211549074895,0.6277477427342208,Breast,Healthy
SRR12478910,0.26611121929983594,-0.09614292779346476,0.39655573972253716,Breast,Healthy
SRR12478911,0.4818452823664035,-0.14680569093020626,0.1370250729788144,Breast,Healthy
SRR12478912,0.5305422408799937,-0.18267695888571903,0.01219448977326631,Breast,Cancer
SRR12478913,0.4683693818976027,-0.1460252727595656,0.15565249759784622,Breast,Cancer
SRR12478914,0.5188767524894646,-0.1624337039497617,0.07538950368327381,Breast,Healthy
SRR12478915,0.5317360144612794,-0.18120842411061305,-0.04810546123280931,Breast,Healthy
SRR12478916,0.44844728561601643,-0.12624325461796004,0.24103385814342998,Breast,Healthy
SRR12478917,0.18218016975007478,-0.06311044500527084,0.5576573227005215,Breast,Healthy
SRR12478918,0.4372199257165912,-0.1398859509336874,0.18316256964010375,Breast,Healthy
SRR12478919,0.5308725717046479,-0.18153648011909831,-0.0018435119008168492,Breast,Cancer
SRR12478920,0.5225110364858202,-0.18121055730701383,-0.06334955777194864,Breast,Healthy
SRR12478921,0.29161344435823017,-0.07765449812117553,0.4449550436915493,Breast,Healthy
SRR12478922,0.5243366804822515,-0.17719770744117005,0.007822467964566262,Breast,Cancer
SRR12478923,0.49674507088258113,-0.17201166051633635,0.031155681645233312,Breast,Cancer
SRR12478924,0.5163594675714622,-0.147698585944126,0.08686644110663475,Breast,Healthy
SRR12478925,0.47946943101758976,-0.14202189882065044,0.20864209591140595,Breast,Cancer
SRR12478926,0.527494823099302,-0.1742971336959704,0.012504006055681435,Breast,Cancer
SRR12478927,0.1323570946932892,-0.07107392663532724,0.6304479411319783,Breast,Cancer
SRR12478928,0.5007846799891027,-0.15812256127833715,0.08759012725886603,Breast,Healthy
SRR12478929,0.5261114249272786,-0.1710380409329203,-0.03457069362591774,Breast,Cancer
SRR12478930,0.1474731249546266,-0.056549477666819246,0.5945822646875958,Breast,Healthy
SRR12478932,0.5200992223131006,-0.1714923134500044,0.034250999941783274,Breast,Cancer
SRR12478933,0.5129714078008633,-0.16115212361650036,0.09242028750121158,Breast,Cancer
SRR12478934,0.5209531472698399,-0.17103037503989582,0.013721589983334904,Breast,Cancer
SRR12478935,0.5221576349784425,-0.17541842653401019,0.014350117090215078,Breast,Healthy
SRR12478936,0.49689871628054844,-0.15520781601816028,0.0891907137937344,Breast,Cancer
SRR12478937,0.21489521994177746,-0.10558565090306372,0.43645948908931703,Breast,Healthy
SRR12478938,0.08265590402495661,-0.09452677626497692,0.6317360339642677,Breast,Healthy
SRR12478939,0.49337987609976197,-0.1637627288189501,0.13021056735987868,Breast,Cancer
SRR12478940,0.1449571584949918,-0.06970523177376936,0.5396000081270372,Breast,Cancer
SRR12478941,0.1716848625071489,-0.061392446455576496,0.5500262832629547,Breast,Healthy
SRR12478942,0.5044334871777816,-0.16795877499637724,0.07413957905200723,Breast,Cancer
SRR12478943,0.5208074694527268,-0.1815972600089025,-0.09620175597592323,Breast,Healthy
SRR12478944,0.37313980343968756,-0.09299283765245626,0.37218875660947887,Breast,Cancer
SRR12478945,0.31364400496940553,-0.07931940007262442,0.42152562091238593,Breast,Cancer
SRR12478946,0.5248518917720623,-0.16573184574903316,0.03745050309513344,Breast,Cancer
SRR12478947,0.5276789296371583,-0.17473421383326962,-0.023126431994993625,Breast,Cancer
SRR12478948,0.22700300329368225,-0.08306319765628369,0.4770705702455038,Breast,Cancer
SRR12478949,0.15717362199155568,-0.06404744767377527,0.6083638992967009,Breast,Cancer
SRR12478950,0.5334661930881506,-0.18278437940570516,-0.029180683952561088,Breast,Healthy
SRR34777669,-0.02556198238530245,-0.06472692540658341,0.24052510370317864,Prostate,Cancer
SRR34777670,-0.009715102642502348,-0.045797910614783506,0.21676553347774283,Prostate,Cancer
SRR34777671,0.14617721148605753,-0.024795234466268166,0.15740882357518923,Prostate,Cancer
SRR34777672,-0.009170519556632617,0.16266280381715129,0.05333681645208715,Prostate,Cancer
SRR34777673,-0.10590479556128718,0.3059286548363531,0.07709434037040372,Prostate,Cancer
SRR34777674,0.10790319426907526,0.022065180864852083,0.07198960815056846,Prostate,Cancer
SRR34777675,0.00747307829366738,-0.035521037889551285,0.23174532713675694,Prostate,Cancer
SRR34777676,-0.024023147567663196,-0.05325134366672113,0.227106966638428,Prostate,Cancer
SRR34777677,0.1846892413287188,-0.08690841381228376,0.16581340730644692,Prostate,Cancer
SRR34777678,-0.015716124922207402,-0.037765686286409805,0.20460290505221448,Prostate,Cancer
SRR34777679,-0.0036677260116239293,-0.03996483214707262,0.22085432955433432,Prostate,Cancer
SRR34777680,0.017572022424495806,-0.02547533278865333,0.2302068048121646,Prostate,Cancer
SRR34777681,-0.0032101905702037864,-0.05646737694359028,0.2574795809973279,Prostate,Cancer
SRR34777682,-0.08034984180780559,0.11012136431260491,0.1685720309318401,Prostate,Cancer
SRR34777683,0.001233384722073564,-0.0330652748586054,0.21718969571621338,Prostate,Cancer
SRR34777684,-0.013415645074258601,-0.06964722755545263,0.262921179668882,Prostate,Cancer
SRR34777685,0.003038408621388842,-0.06384231023071502,0.25431684131733956,Prostate,Cancer
SRR34777686,-4.7385218946457265e-05,-0.03315176656273637,0.2152898942653626,Prostate,Cancer
SRR34777687,0.12541802761514245,-0.09361217412293621,0.09583662598960868,Prostate,Cancer
SRR34777688,-0.014782449589563975,-0.04299306916034216,0.21231260282425096,Prostate,Cancer
SRR34777689,0.13412764068496505,0.2512698984442529,-0.016673771880965634,Prostate,Cancer
SRR34777690,0.012562575887811109,0.10133330014318387,0.0075231804083117325,Prostate,Cancer
SRR34777691,-0.0933649724281766,0.454377379488639,0.125709450367969,Prostate,Cancer
SRR34777692,-0.019006100008821532,0.030836382861573915,0.13247805166308893,Prostate,Cancer
SRR34777693,-0.0453809828970645,0.04985946122984302,0.1859488446258789,Prostate,Cancer
SRR34777694,0.4428544825138257,-0.14634410382014654,-0.09281549134801506,Prostate,Cancer
SRR34777695,0.23202573220604372,0.1416178164046622,-0.07416631931002575,Prostate,Cancer
SRR34777696,-0.03771327636013347,-0.07460743546203356,0.20627295274081545,Prostate,Cancer
SRR34777697,0.19000684459024275,0.0953698717356546,-0.021670289065328786,Prostate,Cancer
SRR34777698,-0.031112079472679844,-0.06952857449676535,0.24383988828244477,Prostate,Cancer
SRR34777699,0.017081032178220434,-0.06498992269921221,0.24377496989804,Prostate,Cancer
